season,league,competition,category,section,section_label,match_date,kickoff_time,home_team,away_team,home_score,away_score,stadium,attendance,status,match_url,match_id
2026_27,J1,明治安田J1リーグ,j1,1.0,第1節,2026-08-07,19:25,y-fm,kasm,,,ＭＵＦＧスタジアム,,unplayed,https://www.jleague.jp/match/j1/2026/080701/,2026_27-j1-1-y-fm-vs-kasm
2026_27,J1,明治安田J1リーグ,j1,1.0,第1節,2026-08-07,19:30,g-os,uraw,,,パナソニック スタジアム 吹田,,unplayed,https://www.jleague.jp/match/j1/2026/080702/,2026_27-j1-1-g-os-vs-uraw
2026_27,J1,明治安田J1リーグ,j1,1.0,第1節,2026-08-08,19:00,kasw,mito,,,三協フロンテア柏スタジアム,,unplayed,https://www.jleague.jp/match/j1/2026/080801/,2026_27-j1-1-kasw-vs-mito
2026_27,J1,明治安田J1リーグ,j1,1.0,第1節,2026-08-08,19:00,FCtk,mcd,,,味の素スタジアム,,unplayed,https://www.jleague.jp/match/j1/2026/080802/,2026_27-j1-1-FCtk-vs-mcd
2026_27,J1,明治安田J1リーグ,j1,1.0,第1節,2026-08-08,19:00,nago,shim,,,豊田スタジアム,,unplayed,https://www.jleague.jp/match/j1/2026/080803/,2026_27-j1-1-nago-vs-shim
2026_27,J1,明治安田J1リーグ,j1,1.0,第1節,2026-08-08,19:00,c-os,okay,,,YANMAR HANASAKA STADIUM,,unplayed,https://www.jleague.jp/match/j1/2026/080804/,2026_27-j1-1-c-os-vs-okay
2026_27,J1,明治安田J1リーグ,j1,1.0,第1節,2026-08-08,19:00,fuku,kobe,,,ベスト電器スタジアム,,unplayed,https://www.jleague.jp/match/j1/2026/080805/,2026_27-j1-1-fuku-vs-kobe
2026_27,J1,明治安田J1リーグ,j1,1.0,第1節,2026-08-08,19:15,hiro,chib,,,エディオンピースウイング広島,,unplayed,https://www.jleague.jp/match/j1/2026/080806/,2026_27-j1-1-hiro-vs-chib
2026_27,J1,明治安田J1リーグ,j1,1.0,第1節,2026-08-09,18:00,tk-v,ka-f,,,味の素スタジアム,,unplayed,https://www.jleague.jp/match/j1/2026/080901/,2026_27-j1-1-tk-v-vs-ka-f
2026_27,J1,明治安田J1リーグ,j1,1.0,第1節,2026-08-09,19:00,ngsk,kyot,,,PEACE STADIUM Connected by SoftBank,,unplayed,https://www.jleague.jp/match/j1/2026/080902/,2026_27-j1-1-ngsk-vs-kyot
2026_27,J1,明治安田J1リーグ,j1,2.0,第2節,2026-08-14,19:00,tk-v,kasw,,,ＭＵＦＧスタジアム,,unplayed,https://www.jleague.jp/match/j1/2026/081401/,2026_27-j1-2-tk-v-vs-kasw
2026_27,J1,明治安田J1リーグ,j1,2.0,第2節,2026-08-15,18:00,kasm,nago,,,メルカリスタジアム,,unplayed,https://www.jleague.jp/match/j1/2026/081501/,2026_27-j1-2-kasm-vs-nago
2026_27,J1,明治安田J1リーグ,j1,2.0,第2節,2026-08-15,18:00,mito,g-os,,,水戸信用金庫スタジアム,,unplayed,https://www.jleague.jp/match/j1/2026/081502/,2026_27-j1-2-mito-vs-g-os
2026_27,J1,明治安田J1リーグ,j1,2.0,第2節,2026-08-15,18:30,shim,y-fm,,,ＩＡＩスタジアム日本平,,unplayed,https://www.jleague.jp/match/j1/2026/081503/,2026_27-j1-2-shim-vs-y-fm
2026_27,J1,明治安田J1リーグ,j1,2.0,第2節,2026-08-15,18:55,okay,ngsk,,,ＪＦＥ晴れの国スタジアム,,unplayed,https://www.jleague.jp/match/j1/2026/081504/,2026_27-j1-2-okay-vs-ngsk
2026_27,J1,明治安田J1リーグ,j1,2.0,第2節,2026-08-15,19:00,uraw,hiro,,,埼玉スタジアム２００２,,unplayed,https://www.jleague.jp/match/j1/2026/081505/,2026_27-j1-2-uraw-vs-hiro
2026_27,J1,明治安田J1リーグ,j1,2.0,第2節,2026-08-15,19:00,chib,mcd,,,フクダ電子アリーナ,,unplayed,https://www.jleague.jp/match/j1/2026/081506/,2026_27-j1-2-chib-vs-mcd
2026_27,J1,明治安田J1リーグ,j1,2.0,第2節,2026-08-15,19:00,ka-f,kyot,,,Ｕｖａｎｃｅとどろきスタジアム　ｂｙ　Ｆｕｊｉｔｓｕ,,unplayed,https://www.jleague.jp/match/j1/2026/081507/,2026_27-j1-2-ka-f-vs-kyot
2026_27,J1,明治安田J1リーグ,j1,2.0,第2節,2026-08-15,19:00,kobe,FCtk,,,ノエビアスタジアム神戸,,unplayed,https://www.jleague.jp/match/j1/2026/081508/,2026_27-j1-2-kobe-vs-FCtk
2026_27,J1,明治安田J1リーグ,j1,2.0,第2節,2026-08-15,19:00,fuku,c-os,,,ベスト電器スタジアム,,unplayed,https://www.jleague.jp/match/j1/2026/081509/,2026_27-j1-2-fuku-vs-c-os
2026_27,J1,明治安田J1リーグ,j1,3.0,第3節,2026-08-21,19:00,kasw,ngsk,,,,,unplayed,,2026_27-j1-3-kasw-vs-ngsk
2026_27,J1,明治安田J1リーグ,j1,3.0,第3節,2026-08-21,19:30,FCtk,chib,,,,,unplayed,,2026_27-j1-3-FCtk-vs-chib
2026_27,J1,明治安田J1リーグ,j1,3.0,第3節,2026-08-22,18:00,kasm,fuku,,,,,unplayed,,2026_27-j1-3-kasm-vs-fuku
2026_27,J1,明治安田J1リーグ,j1,3.0,第3節,2026-08-22,18:30,okay,tk-v,,,,,unplayed,,2026_27-j1-3-okay-vs-tk-v
2026_27,J1,明治安田J1リーグ,j1,3.0,第3節,2026-08-22,19:00,nago,g-os,,,,,unplayed,,2026_27-j1-3-nago-vs-g-os
2026_27,J1,明治安田J1リーグ,j1,3.0,第3節,2026-08-22,19:00,kyot,mito,,,,,unplayed,,2026_27-j1-3-kyot-vs-mito
2026_27,J1,明治安田J1リーグ,j1,3.0,第3節,2026-08-22,19:00,c-os,shim,,,,,unplayed,,2026_27-j1-3-c-os-vs-shim
2026_27,J1,明治安田J1リーグ,j1,3.0,第3節,2026-08-22,19:15,hiro,ka-f,,,,,unplayed,,2026_27-j1-3-hiro-vs-ka-f
2026_27,J1,明治安田J1リーグ,j1,3.0,第3節,2026-08-22,19:30,y-fm,kobe,,,,,unplayed,,2026_27-j1-3-y-fm-vs-kobe
2026_27,J1,明治安田J1リーグ,j1,3.0,第3節,2026-08-23,19:30,mcd,uraw,,,,,unplayed,,2026_27-j1-3-mcd-vs-uraw
2026_27,J1,明治安田J1リーグ,j1,4.0,第4節,2026-08-29,18:00,mito,mcd,,,,,unplayed,,2026_27-j1-4-mito-vs-mcd
2026_27,J1,明治安田J1リーグ,j1,4.0,第4節,2026-08-29,18:00,g-os,hiro,,,,,unplayed,,2026_27-j1-4-g-os-vs-hiro
2026_27,J1,明治安田J1リーグ,j1,4.0,第4節,2026-08-29,18:30,shim,kasw,,,,,unplayed,,2026_27-j1-4-shim-vs-kasw
2026_27,J1,明治安田J1リーグ,j1,4.0,第4節,2026-08-29,18:30,ngsk,FCtk,,,,,unplayed,,2026_27-j1-4-ngsk-vs-FCtk
2026_27,J1,明治安田J1リーグ,j1,4.0,第4節,2026-08-29,19:00,uraw,y-fm,,,,,unplayed,,2026_27-j1-4-uraw-vs-y-fm
2026_27,J1,明治安田J1リーグ,j1,4.0,第4節,2026-08-29,19:00,tk-v,kasm,,,,,unplayed,,2026_27-j1-4-tk-v-vs-kasm
2026_27,J1,明治安田J1リーグ,j1,4.0,第4節,2026-08-29,19:00,ka-f,chib,,,,,unplayed,,2026_27-j1-4-ka-f-vs-chib
2026_27,J1,明治安田J1リーグ,j1,4.0,第4節,2026-08-29,19:00,nago,okay,,,,,unplayed,,2026_27-j1-4-nago-vs-okay
2026_27,J1,明治安田J1リーグ,j1,4.0,第4節,2026-08-29,19:00,kyot,fuku,,,,,unplayed,,2026_27-j1-4-kyot-vs-fuku
2026_27,J1,明治安田J1リーグ,j1,4.0,第4節,2026-08-29,19:00,kobe,c-os,,,,,unplayed,,2026_27-j1-4-kobe-vs-c-os
2026_27,J1,明治安田J1リーグ,j1,5.0,第5節,2026-09-02,19:00,mito,kasm,,,,,unplayed,,2026_27-j1-5-mito-vs-kasm
2026_27,J1,明治安田J1リーグ,j1,5.0,第5節,2026-09-02,19:00,chib,okay,,,,,unplayed,,2026_27-j1-5-chib-vs-okay
2026_27,J1,明治安田J1リーグ,j1,5.0,第5節,2026-09-02,19:00,tk-v,kobe,,,,,unplayed,,2026_27-j1-5-tk-v-vs-kobe
2026_27,J1,明治安田J1リーグ,j1,5.0,第5節,2026-09-02,19:00,mcd,ka-f,,,,,unplayed,,2026_27-j1-5-mcd-vs-ka-f
2026_27,J1,明治安田J1リーグ,j1,5.0,第5節,2026-09-02,19:00,y-fm,kyot,,,,,unplayed,,2026_27-j1-5-y-fm-vs-kyot
2026_27,J1,明治安田J1リーグ,j1,5.0,第5節,2026-09-02,19:00,shim,FCtk,,,,,unplayed,,2026_27-j1-5-shim-vs-FCtk
2026_27,J1,明治安田J1リーグ,j1,5.0,第5節,2026-09-02,19:00,c-os,kasw,,,,,unplayed,,2026_27-j1-5-c-os-vs-kasw
2026_27,J1,明治安田J1リーグ,j1,5.0,第5節,2026-09-02,19:00,hiro,nago,,,,,unplayed,,2026_27-j1-5-hiro-vs-nago
2026_27,J1,明治安田J1リーグ,j1,5.0,第5節,2026-09-02,19:00,fuku,uraw,,,,,unplayed,,2026_27-j1-5-fuku-vs-uraw
2026_27,J1,明治安田J1リーグ,j1,5.0,第5節,2026-09-02,19:00,ngsk,g-os,,,,,unplayed,,2026_27-j1-5-ngsk-vs-g-os
2026_27,J1,明治安田J1リーグ,j1,6.0,第6節,2026-09-05,19:00,fuku,mito,,,,,unplayed,,2026_27-j1-6-fuku-vs-mito
2026_27,J1,明治安田J1リーグ,j1,6.0,第6節,2026-09-06,18:00,kasm,uraw,,,,,unplayed,,2026_27-j1-6-kasm-vs-uraw
2026_27,J1,明治安田J1リーグ,j1,6.0,第6節,2026-09-06,18:00,chib,g-os,,,,,unplayed,,2026_27-j1-6-chib-vs-g-os
2026_27,J1,明治安田J1リーグ,j1,6.0,第6節,2026-09-06,18:00,nago,mcd,,,,,unplayed,,2026_27-j1-6-nago-vs-mcd
2026_27,J1,明治安田J1リーグ,j1,6.0,第6節,2026-09-06,18:00,okay,hiro,,,,,unplayed,,2026_27-j1-6-okay-vs-hiro
2026_27,J1,明治安田J1リーグ,j1,6.0,第6節,2026-09-06,19:00,kasw,y-fm,,,,,unplayed,,2026_27-j1-6-kasw-vs-y-fm
2026_27,J1,明治安田J1リーグ,j1,6.0,第6節,2026-09-06,19:00,ka-f,shim,,,,,unplayed,,2026_27-j1-6-ka-f-vs-shim
2026_27,J1,明治安田J1リーグ,j1,6.0,第6節,2026-09-06,19:00,c-os,tk-v,,,,,unplayed,,2026_27-j1-6-c-os-vs-tk-v
2026_27,J1,明治安田J1リーグ,j1,6.0,第6節,2026-09-06,19:00,kobe,ngsk,,,,,unplayed,,2026_27-j1-6-kobe-vs-ngsk
2026_27,J1,明治安田J1リーグ,j1,6.0,第6節,2026-09-06,19:30,FCtk,kyot,,,,,unplayed,,2026_27-j1-6-FCtk-vs-kyot
2026_27,J1,明治安田J1リーグ,j1,7.0,第7節,2026-09-12,,kyot,kasw,,,,,unplayed,,2026_27-j1-7-kyot-vs-kasw
2026_27,J1,明治安田J1リーグ,j1,7.0,第7節,2026-09-12,,kobe,kasm,,,,,unplayed,,2026_27-j1-7-kobe-vs-kasm
2026_27,J1,明治安田J1リーグ,j1,7.0,第7節,2026-09-12,18:00,mito,ka-f,,,,,unplayed,,2026_27-j1-7-mito-vs-ka-f
2026_27,J1,明治安田J1リーグ,j1,7.0,第7節,2026-09-12,18:30,shim,fuku,,,,,unplayed,,2026_27-j1-7-shim-vs-fuku
2026_27,J1,明治安田J1リーグ,j1,7.0,第7節,2026-09-12,19:00,mcd,y-fm,,,,,unplayed,,2026_27-j1-7-mcd-vs-y-fm
2026_27,J1,明治安田J1リーグ,j1,7.0,第7節,2026-09-12,19:00,g-os,FCtk,,,,,unplayed,,2026_27-j1-7-g-os-vs-FCtk
2026_27,J1,明治安田J1リーグ,j1,7.0,第7節,2026-09-12,19:00,hiro,c-os,,,,,unplayed,,2026_27-j1-7-hiro-vs-c-os
2026_27,J1,明治安田J1リーグ,j1,7.0,第7節,2026-09-12,19:00,ngsk,nago,,,,,unplayed,,2026_27-j1-7-ngsk-vs-nago
2026_27,J1,明治安田J1リーグ,j1,7.0,第7節,2026-09-13,18:00,tk-v,chib,,,,,unplayed,,2026_27-j1-7-tk-v-vs-chib
2026_27,J1,明治安田J1リーグ,j1,7.0,第7節,2026-09-13,18:30,uraw,okay,,,,,unplayed,,2026_27-j1-7-uraw-vs-okay
2026_27,J1,明治安田J1リーグ,j1,8.0,第8節,2026-09-19,,ka-f,kasm,,,,,unplayed,,2026_27-j1-8-ka-f-vs-kasm
2026_27,J1,明治安田J1リーグ,j1,8.0,第8節,2026-09-19,18:00,fuku,hiro,,,,,unplayed,,2026_27-j1-8-fuku-vs-hiro
2026_27,J1,明治安田J1リーグ,j1,8.0,第8節,2026-09-19,18:30,uraw,tk-v,,,,,unplayed,,2026_27-j1-8-uraw-vs-tk-v
2026_27,J1,明治安田J1リーグ,j1,8.0,第8節,2026-09-19,18:30,shim,chib,,,,,unplayed,,2026_27-j1-8-shim-vs-chib
2026_27,J1,明治安田J1リーグ,j1,8.0,第8節,2026-09-19,18:30,ngsk,c-os,,,,,unplayed,,2026_27-j1-8-ngsk-vs-c-os
2026_27,J1,明治安田J1リーグ,j1,8.0,第8節,2026-09-19,19:00,FCtk,nago,,,,,unplayed,,2026_27-j1-8-FCtk-vs-nago
2026_27,J1,明治安田J1リーグ,j1,8.0,第8節,2026-09-19,19:00,okay,kyot,,,,,unplayed,,2026_27-j1-8-okay-vs-kyot
2026_27,J1,明治安田J1リーグ,j1,8.0,第8節,2026-09-19,19:30,y-fm,mito,,,,,unplayed,,2026_27-j1-8-y-fm-vs-mito
2026_27,J1,明治安田J1リーグ,j1,8.0,第8節,2026-09-20,17:00,mcd,kasw,,,,,unplayed,,2026_27-j1-8-mcd-vs-kasw
2026_27,J1,明治安田J1リーグ,j1,8.0,第8節,2026-09-20,17:00,g-os,kobe,,,,,unplayed,,2026_27-j1-8-g-os-vs-kobe
2026_27,J1,明治安田J1リーグ,j1,9.0,第9節,2026-10-09,19:00,kasw,kobe,,,,,unplayed,,2026_27-j1-9-kasw-vs-kobe
2026_27,J1,明治安田J1リーグ,j1,9.0,第9節,2026-10-10,,kasm,g-os,,,,,unplayed,,2026_27-j1-9-kasm-vs-g-os
2026_27,J1,明治安田J1リーグ,j1,9.0,第9節,2026-10-10,,kyot,mcd,,,,,unplayed,,2026_27-j1-9-kyot-vs-mcd
2026_27,J1,明治安田J1リーグ,j1,9.0,第9節,2026-10-10,14:00,c-os,y-fm,,,,,unplayed,,2026_27-j1-9-c-os-vs-y-fm
2026_27,J1,明治安田J1リーグ,j1,9.0,第9節,2026-10-10,15:00,FCtk,uraw,,,,,unplayed,,2026_27-j1-9-FCtk-vs-uraw
2026_27,J1,明治安田J1リーグ,j1,9.0,第9節,2026-10-10,15:00,fuku,okay,,,,,unplayed,,2026_27-j1-9-fuku-vs-okay
2026_27,J1,明治安田J1リーグ,j1,9.0,第9節,2026-10-11,14:00,chib,ngsk,,,,,unplayed,,2026_27-j1-9-chib-vs-ngsk
2026_27,J1,明治安田J1リーグ,j1,9.0,第9節,2026-10-11,15:00,mito,shim,,,,,unplayed,,2026_27-j1-9-mito-vs-shim
2026_27,J1,明治安田J1リーグ,j1,9.0,第9節,2026-10-11,15:00,tk-v,hiro,,,,,unplayed,,2026_27-j1-9-tk-v-vs-hiro
2026_27,J1,明治安田J1リーグ,j1,9.0,第9節,2026-10-11,16:00,ka-f,nago,,,,,unplayed,,2026_27-j1-9-ka-f-vs-nago
2026_27,J1,明治安田J1リーグ,j1,10.0,第10節,2026-10-17,,kasw,nago,,,,,unplayed,,2026_27-j1-10-kasw-vs-nago
2026_27,J1,明治安田J1リーグ,j1,10.0,第10節,2026-10-17,,shim,g-os,,,,,unplayed,,2026_27-j1-10-shim-vs-g-os
2026_27,J1,明治安田J1リーグ,j1,10.0,第10節,2026-10-17,,okay,kobe,,,,,unplayed,,2026_27-j1-10-okay-vs-kobe
2026_27,J1,明治安田J1リーグ,j1,10.0,第10節,2026-10-17,14:00,chib,y-fm,,,,,unplayed,,2026_27-j1-10-chib-vs-y-fm
2026_27,J1,明治安田J1リーグ,j1,10.0,第10節,2026-10-17,14:00,tk-v,FCtk,,,,,unplayed,,2026_27-j1-10-tk-v-vs-FCtk
2026_27,J1,明治安田J1リーグ,j1,10.0,第10節,2026-10-17,14:00,mcd,fuku,,,,,unplayed,,2026_27-j1-10-mcd-vs-fuku
2026_27,J1,明治安田J1リーグ,j1,10.0,第10節,2026-10-17,14:00,hiro,kyot,,,,,unplayed,,2026_27-j1-10-hiro-vs-kyot
2026_27,J1,明治安田J1リーグ,j1,10.0,第10節,2026-10-17,15:00,kasm,ngsk,,,,,unplayed,,2026_27-j1-10-kasm-vs-ngsk
2026_27,J1,明治安田J1リーグ,j1,10.0,第10節,2026-10-17,15:00,c-os,ka-f,,,,,unplayed,,2026_27-j1-10-c-os-vs-ka-f
2026_27,J1,明治安田J1リーグ,j1,10.0,第10節,2026-10-17,16:00,mito,uraw,,,,,unplayed,,2026_27-j1-10-mito-vs-uraw
2026_27,J1,明治安田J1リーグ,j1,11.0,第11節,2026-10-21,19:00,FCtk,kasw,,,,,unplayed,,2026_27-j1-11-FCtk-vs-kasw
2026_27,J1,明治安田J1リーグ,j1,11.0,第11節,2026-10-21,19:00,ka-f,kobe,,,,,unplayed,,2026_27-j1-11-ka-f-vs-kobe
2026_27,J1,明治安田J1リーグ,j1,11.0,第11節,2026-10-21,19:00,y-fm,tk-v,,,,,unplayed,,2026_27-j1-11-y-fm-vs-tk-v
2026_27,J1,明治安田J1リーグ,j1,11.0,第11節,2026-10-21,19:00,shim,mcd,,,,,unplayed,,2026_27-j1-11-shim-vs-mcd
2026_27,J1,明治安田J1リーグ,j1,11.0,第11節,2026-10-21,19:00,nago,c-os,,,,,unplayed,,2026_27-j1-11-nago-vs-c-os
2026_27,J1,明治安田J1リーグ,j1,11.0,第11節,2026-10-21,19:00,kyot,kasm,,,,,unplayed,,2026_27-j1-11-kyot-vs-kasm
2026_27,J1,明治安田J1リーグ,j1,11.0,第11節,2026-10-21,19:00,okay,mito,,,,,unplayed,,2026_27-j1-11-okay-vs-mito
2026_27,J1,明治安田J1リーグ,j1,11.0,第11節,2026-10-21,19:00,fuku,g-os,,,,,unplayed,,2026_27-j1-11-fuku-vs-g-os
2026_27,J1,明治安田J1リーグ,j1,11.0,第11節,2026-10-21,19:00,ngsk,hiro,,,,,unplayed,,2026_27-j1-11-ngsk-vs-hiro
2026_27,J1,明治安田J1リーグ,j1,11.0,第11節,2026-10-21,19:30,uraw,chib,,,,,unplayed,,2026_27-j1-11-uraw-vs-chib
2026_27,J1,明治安田J1リーグ,j1,12.0,第12節,2026-10-24,,kobe,mcd,,,,,unplayed,,2026_27-j1-12-kobe-vs-mcd
2026_27,J1,明治安田J1リーグ,j1,12.0,第12節,2026-10-24,14:00,hiro,shim,,,,,unplayed,,2026_27-j1-12-hiro-vs-shim
2026_27,J1,明治安田J1リーグ,j1,12.0,第12節,2026-10-24,15:00,kasm,kasw,,,,,unplayed,,2026_27-j1-12-kasm-vs-kasw
2026_27,J1,明治安田J1リーグ,j1,12.0,第12節,2026-10-24,15:00,tk-v,fuku,,,,,unplayed,,2026_27-j1-12-tk-v-vs-fuku
2026_27,J1,明治安田J1リーグ,j1,12.0,第12節,2026-10-24,16:00,g-os,kyot,,,,,unplayed,,2026_27-j1-12-g-os-vs-kyot
2026_27,J1,明治安田J1リーグ,j1,12.0,第12節,2026-10-25,14:00,nago,y-fm,,,,,unplayed,,2026_27-j1-12-nago-vs-y-fm
2026_27,J1,明治安田J1リーグ,j1,12.0,第12節,2026-10-25,15:00,uraw,ngsk,,,,,unplayed,,2026_27-j1-12-uraw-vs-ngsk
2026_27,J1,明治安田J1リーグ,j1,12.0,第12節,2026-10-25,15:00,c-os,chib,,,,,unplayed,,2026_27-j1-12-c-os-vs-chib
2026_27,J1,明治安田J1リーグ,j1,12.0,第12節,2026-10-25,16:00,FCtk,mito,,,,,unplayed,,2026_27-j1-12-FCtk-vs-mito
2026_27,J1,明治安田J1リーグ,j1,12.0,第12節,2026-10-25,16:00,ka-f,okay,,,,,unplayed,,2026_27-j1-12-ka-f-vs-okay
2026_27,J1,明治安田J1リーグ,j1,13.0,第13節,2026-10-31,,kasw,uraw,,,,,unplayed,,2026_27-j1-13-kasw-vs-uraw
2026_27,J1,明治安田J1リーグ,j1,13.0,第13節,2026-10-31,,kyot,shim,,,,,unplayed,,2026_27-j1-13-kyot-vs-shim
2026_27,J1,明治安田J1リーグ,j1,13.0,第13節,2026-10-31,,kobe,nago,,,,,unplayed,,2026_27-j1-13-kobe-vs-nago
2026_27,J1,明治安田J1リーグ,j1,13.0,第13節,2026-10-31,14:00,mito,hiro,,,,,unplayed,,2026_27-j1-13-mito-vs-hiro
2026_27,J1,明治安田J1リーグ,j1,13.0,第13節,2026-10-31,14:00,mcd,g-os,,,,,unplayed,,2026_27-j1-13-mcd-vs-g-os
2026_27,J1,明治安田J1リーグ,j1,13.0,第13節,2026-10-31,14:00,okay,FCtk,,,,,unplayed,,2026_27-j1-13-okay-vs-FCtk
2026_27,J1,明治安田J1リーグ,j1,13.0,第13節,2026-10-31,15:00,kasm,c-os,,,,,unplayed,,2026_27-j1-13-kasm-vs-c-os
2026_27,J1,明治安田J1リーグ,j1,13.0,第13節,2026-11-01,13:00,y-fm,ka-f,,,,,unplayed,,2026_27-j1-13-y-fm-vs-ka-f
2026_27,J1,明治安田J1リーグ,j1,13.0,第13節,2026-11-01,14:00,chib,fuku,,,,,unplayed,,2026_27-j1-13-chib-vs-fuku
2026_27,J1,明治安田J1リーグ,j1,13.0,第13節,2026-11-01,14:00,ngsk,tk-v,,,,,unplayed,,2026_27-j1-13-ngsk-vs-tk-v
2026_27,J1,明治安田J1リーグ,j1,14.0,第14節,2026-11-07,,kasw,ka-f,,,,,unplayed,,2026_27-j1-14-kasw-vs-ka-f
2026_27,J1,明治安田J1リーグ,j1,14.0,第14節,2026-11-07,13:00,shim,tk-v,,,,,unplayed,,2026_27-j1-14-shim-vs-tk-v
2026_27,J1,明治安田J1リーグ,j1,14.0,第14節,2026-11-07,14:00,y-fm,okay,,,,,unplayed,,2026_27-j1-14-y-fm-vs-okay
2026_27,J1,明治安田J1リーグ,j1,14.0,第14節,2026-11-07,14:00,nago,kyot,,,,,unplayed,,2026_27-j1-14-nago-vs-kyot
2026_27,J1,明治安田J1リーグ,j1,14.0,第14節,2026-11-07,15:00,FCtk,kasm,,,,,unplayed,,2026_27-j1-14-FCtk-vs-kasm
2026_27,J1,明治安田J1リーグ,j1,14.0,第14節,2026-11-07,15:00,fuku,ngsk,,,,,unplayed,,2026_27-j1-14-fuku-vs-ngsk
2026_27,J1,明治安田J1リーグ,j1,14.0,第14節,2026-11-08,14:00,mcd,hiro,,,,,unplayed,,2026_27-j1-14-mcd-vs-hiro
2026_27,J1,明治安田J1リーグ,j1,14.0,第14節,2026-11-08,14:00,kobe,uraw,,,,,unplayed,,2026_27-j1-14-kobe-vs-uraw
2026_27,J1,明治安田J1リーグ,j1,14.0,第14節,2026-11-08,15:00,g-os,c-os,,,,,unplayed,,2026_27-j1-14-g-os-vs-c-os
2026_27,J1,明治安田J1リーグ,j1,14.0,第14節,2026-11-08,17:00,chib,mito,,,,,unplayed,,2026_27-j1-14-chib-vs-mito
2026_27,J1,明治安田J1リーグ,j1,15.0,第15節,2026-11-20,19:00,kasw,chib,,,,,unplayed,,2026_27-j1-15-kasw-vs-chib
2026_27,J1,明治安田J1リーグ,j1,15.0,第15節,2026-11-21,,kasm,shim,,,,,unplayed,,2026_27-j1-15-kasm-vs-shim
2026_27,J1,明治安田J1リーグ,j1,15.0,第15節,2026-11-21,,kyot,uraw,,,,,unplayed,,2026_27-j1-15-kyot-vs-uraw
2026_27,J1,明治安田J1リーグ,j1,15.0,第15節,2026-11-21,,kobe,mito,,,,,unplayed,,2026_27-j1-15-kobe-vs-mito
2026_27,J1,明治安田J1リーグ,j1,15.0,第15節,2026-11-21,14:00,tk-v,nago,,,,,unplayed,,2026_27-j1-15-tk-v-vs-nago
2026_27,J1,明治安田J1リーグ,j1,15.0,第15節,2026-11-21,14:00,mcd,ngsk,,,,,unplayed,,2026_27-j1-15-mcd-vs-ngsk
2026_27,J1,明治安田J1リーグ,j1,15.0,第15節,2026-11-21,14:00,hiro,y-fm,,,,,unplayed,,2026_27-j1-15-hiro-vs-y-fm
2026_27,J1,明治安田J1リーグ,j1,15.0,第15節,2026-11-21,15:00,ka-f,fuku,,,,,unplayed,,2026_27-j1-15-ka-f-vs-fuku
2026_27,J1,明治安田J1リーグ,j1,15.0,第15節,2026-11-21,15:00,c-os,FCtk,,,,,unplayed,,2026_27-j1-15-c-os-vs-FCtk
2026_27,J1,明治安田J1リーグ,j1,15.0,第15節,2026-11-21,16:00,g-os,okay,,,,,unplayed,,2026_27-j1-15-g-os-vs-okay
2026_27,J1,明治安田J1リーグ,j1,16.0,第16節,2026-11-25,19:00,mito,tk-v,,,,,unplayed,,2026_27-j1-16-mito-vs-tk-v
2026_27,J1,明治安田J1リーグ,j1,16.0,第16節,2026-11-25,19:00,chib,nago,,,,,unplayed,,2026_27-j1-16-chib-vs-nago
2026_27,J1,明治安田J1リーグ,j1,16.0,第16節,2026-11-25,19:00,FCtk,hiro,,,,,unplayed,,2026_27-j1-16-FCtk-vs-hiro
2026_27,J1,明治安田J1リーグ,j1,16.0,第16節,2026-11-25,19:00,okay,shim,,,,,unplayed,,2026_27-j1-16-okay-vs-shim
2026_27,J1,明治安田J1リーグ,j1,16.0,第16節,2026-11-25,19:00,fuku,y-fm,,,,,unplayed,,2026_27-j1-16-fuku-vs-y-fm
2026_27,J1,明治安田J1リーグ,j1,16.0,第16節,2026-11-25,19:00,ngsk,ka-f,,,,,unplayed,,2026_27-j1-16-ngsk-vs-ka-f
2026_27,J1,明治安田J1リーグ,j1,16.0,第16節,2026-11-25,19:30,uraw,c-os,,,,,unplayed,,2026_27-j1-16-uraw-vs-c-os
2026_27,J1,明治安田J1リーグ,j1,17.0,第17節,2026-11-28,,kasw,hiro,,,,,unplayed,,2026_27-j1-17-kasw-vs-hiro
2026_27,J1,明治安田J1リーグ,j1,17.0,第17節,2026-11-28,,kyot,c-os,,,,,unplayed,,2026_27-j1-17-kyot-vs-c-os
2026_27,J1,明治安田J1リーグ,j1,17.0,第17節,2026-11-28,,kobe,chib,,,,,unplayed,,2026_27-j1-17-kobe-vs-chib
2026_27,J1,明治安田J1リーグ,j1,17.0,第17節,2026-11-28,14:00,mcd,tk-v,,,,,unplayed,,2026_27-j1-17-mcd-vs-tk-v
2026_27,J1,明治安田J1リーグ,j1,17.0,第17節,2026-11-28,14:00,shim,uraw,,,,,unplayed,,2026_27-j1-17-shim-vs-uraw
2026_27,J1,明治安田J1リーグ,j1,17.0,第17節,2026-11-28,15:00,kasm,okay,,,,,unplayed,,2026_27-j1-17-kasm-vs-okay
2026_27,J1,明治安田J1リーグ,j1,17.0,第17節,2026-11-28,15:00,ka-f,g-os,,,,,unplayed,,2026_27-j1-17-ka-f-vs-g-os
2026_27,J1,明治安田J1リーグ,j1,17.0,第17節,2026-11-29,14:00,mito,ngsk,,,,,unplayed,,2026_27-j1-17-mito-vs-ngsk
2026_27,J1,明治安田J1リーグ,j1,17.0,第17節,2026-11-29,14:00,y-fm,FCtk,,,,,unplayed,,2026_27-j1-17-y-fm-vs-FCtk
2026_27,J1,明治安田J1リーグ,j1,17.0,第17節,2026-11-29,15:00,nago,fuku,,,,,unplayed,,2026_27-j1-17-nago-vs-fuku
2026_27,J1,明治安田J1リーグ,j1,18.0,第18節,2026-12-04,18:30,FCtk,ka-f,,,,,unplayed,,2026_27-j1-18-FCtk-vs-ka-f
2026_27,J1,明治安田J1リーグ,j1,18.0,第18節,2026-12-05,,kasw,fuku,,,,,unplayed,,2026_27-j1-18-kasw-vs-fuku
2026_27,J1,明治安田J1リーグ,j1,18.0,第18節,2026-12-05,13:00,chib,kasm,,,,,unplayed,,2026_27-j1-18-chib-vs-kasm
2026_27,J1,明治安田J1リーグ,j1,18.0,第18節,2026-12-05,14:00,uraw,nago,,,,,unplayed,,2026_27-j1-18-uraw-vs-nago
2026_27,J1,明治安田J1リーグ,j1,18.0,第18節,2026-12-05,14:00,tk-v,kyot,,,,,unplayed,,2026_27-j1-18-tk-v-vs-kyot
2026_27,J1,明治安田J1リーグ,j1,18.0,第18節,2026-12-05,15:00,c-os,mito,,,,,unplayed,,2026_27-j1-18-c-os-vs-mito
2026_27,J1,明治安田J1リーグ,j1,18.0,第18節,2026-12-05,15:00,ngsk,shim,,,,,unplayed,,2026_27-j1-18-ngsk-vs-shim
2026_27,J1,明治安田J1リーグ,j1,18.0,第18節,2026-12-06,14:00,mcd,okay,,,,,unplayed,,2026_27-j1-18-mcd-vs-okay
2026_27,J1,明治安田J1リーグ,j1,18.0,第18節,2026-12-06,14:00,hiro,kobe,,,,,unplayed,,2026_27-j1-18-hiro-vs-kobe
2026_27,J1,明治安田J1リーグ,j1,18.0,第18節,2026-12-06,15:00,g-os,y-fm,,,,,unplayed,,2026_27-j1-18-g-os-vs-y-fm
2026_27,J1,明治安田J1リーグ,j1,19.0,第19節,2026-12-12,14:00,shim,kobe,,,,,unplayed,,2026_27-j1-19-shim-vs-kobe
2026_27,J1,明治安田J1リーグ,j1,19.0,第19節,2026-12-12,14:00,c-os,mcd,,,,,unplayed,,2026_27-j1-19-c-os-vs-mcd
2026_27,J1,明治安田J1リーグ,j1,19.0,第19節,2026-12-12,16:00,g-os,tk-v,,,,,unplayed,,2026_27-j1-19-g-os-vs-tk-v
2026_27,J1,明治安田J1リーグ,j1,19.0,第19節,2026-12-13,13:00,y-fm,ngsk,,,,,unplayed,,2026_27-j1-19-y-fm-vs-ngsk
2026_27,J1,明治安田J1リーグ,j1,19.0,第19節,2026-12-13,14:00,kyot,chib,,,,,unplayed,,2026_27-j1-19-kyot-vs-chib
2026_27,J1,明治安田J1リーグ,j1,19.0,第19節,2026-12-13,14:00,okay,kasw,,,,,unplayed,,2026_27-j1-19-okay-vs-kasw
2026_27,J1,明治安田J1リーグ,j1,19.0,第19節,2026-12-13,14:00,hiro,kasm,,,,,unplayed,,2026_27-j1-19-hiro-vs-kasm
2026_27,J1,明治安田J1リーグ,j1,19.0,第19節,2026-12-13,15:00,uraw,ka-f,,,,,unplayed,,2026_27-j1-19-uraw-vs-ka-f
2026_27,J1,明治安田J1リーグ,j1,19.0,第19節,2026-12-13,15:00,nago,mito,,,,,unplayed,,2026_27-j1-19-nago-vs-mito
2026_27,J1,明治安田J1リーグ,j1,19.0,第19節,2026-12-13,15:00,fuku,FCtk,,,,,unplayed,,2026_27-j1-19-fuku-vs-FCtk
2026_27,J1,明治安田J1リーグ,j1,16.0,第16節,2026-12-16,,kyot,kobe,,,,,unplayed,,2026_27-j1-16-kyot-vs-kobe
2026_27,J1,明治安田J1リーグ,j1,16.0,第16節,2026-12-16,19:00,kasm,mcd,,,,,unplayed,,2026_27-j1-16-kasm-vs-mcd
2026_27,J1,明治安田J1リーグ,j1,16.0,第16節,2026-12-16,19:00,g-os,kasw,,,,,unplayed,,2026_27-j1-16-g-os-vs-kasw
2026_27,J1,明治安田J1リーグ,j1,20.0,第20節,2026-12-19,13:00,chib,c-os,,,,,unplayed,,2026_27-j1-20-chib-vs-c-os
2026_27,J1,明治安田J1リーグ,j1,20.0,第20節,2026-12-19,14:00,mito,FCtk,,,,,unplayed,,2026_27-j1-20-mito-vs-FCtk
2026_27,J1,明治安田J1リーグ,j1,20.0,第20節,2026-12-19,14:00,nago,hiro,,,,,unplayed,,2026_27-j1-20-nago-vs-hiro
2026_27,J1,明治安田J1リーグ,j1,20.0,第20節,2026-12-19,14:30,fuku,shim,,,,,unplayed,,2026_27-j1-20-fuku-vs-shim
2026_27,J1,明治安田J1リーグ,j1,20.0,第20節,2026-12-19,14:30,ngsk,uraw,,,,,unplayed,,2026_27-j1-20-ngsk-vs-uraw
2026_27,J1,明治安田J1リーグ,j1,20.0,第20節,2026-12-19,15:00,kasm,tk-v,,,,,unplayed,,2026_27-j1-20-kasm-vs-tk-v
2026_27,J1,明治安田J1リーグ,j1,20.0,第20節,2026-12-19,15:00,kobe,y-fm,,,,,unplayed,,2026_27-j1-20-kobe-vs-y-fm
2026_27,J1,明治安田J1リーグ,j1,20.0,第20節,2026-12-19,16:00,ka-f,kasw,,,,,unplayed,,2026_27-j1-20-ka-f-vs-kasw
2026_27,J1,明治安田J1リーグ,j1,20.0,第20節,2026-12-19,16:00,g-os,mcd,,,,,unplayed,,2026_27-j1-20-g-os-vs-mcd
2026_27,J1,明治安田J1リーグ,j1,21.0,第21節,2027-02-13,,kasm,mito,,,,,unplayed,,2026_27-j1-21-kasm-vs-mito
2026_27,J1,明治安田J1リーグ,j1,21.0,第21節,2027-02-13,,kasw,shim,,,,,unplayed,,2026_27-j1-21-kasw-vs-shim
2026_27,J1,明治安田J1リーグ,j1,21.0,第21節,2027-02-13,,mcd,chib,,,,,unplayed,,2026_27-j1-21-mcd-vs-chib
2026_27,J1,明治安田J1リーグ,j1,21.0,第21節,2027-02-13,,nago,FCtk,,,,,unplayed,,2026_27-j1-21-nago-vs-FCtk
2026_27,J1,明治安田J1リーグ,j1,21.0,第21節,2027-02-13,,kyot,y-fm,,,,,unplayed,,2026_27-j1-21-kyot-vs-y-fm
2026_27,J1,明治安田J1リーグ,j1,21.0,第21節,2027-02-13,,c-os,g-os,,,,,unplayed,,2026_27-j1-21-c-os-vs-g-os
2026_27,J1,明治安田J1リーグ,j1,21.0,第21節,2027-02-13,,kobe,ka-f,,,,,unplayed,,2026_27-j1-21-kobe-vs-ka-f
2026_27,J1,明治安田J1リーグ,j1,21.0,第21節,2027-02-13,,hiro,okay,,,,,unplayed,,2026_27-j1-21-hiro-vs-okay
2026_27,J1,明治安田J1リーグ,j1,21.0,第21節,2027-02-13,,ngsk,fuku,,,,,unplayed,,2026_27-j1-21-ngsk-vs-fuku
2026_27,J1,明治安田J1リーグ,j1,21.0,第21節,2027-02-14,,tk-v,uraw,,,,,unplayed,,2026_27-j1-21-tk-v-vs-uraw
2026_27,J1,明治安田J1リーグ,j1,22.0,第22節,2027-02-20,,mito,kasw,,,,,unplayed,,2026_27-j1-22-mito-vs-kasw
2026_27,J1,明治安田J1リーグ,j1,22.0,第22節,2027-02-20,,uraw,kasm,,,,,unplayed,,2026_27-j1-22-uraw-vs-kasm
2026_27,J1,明治安田J1リーグ,j1,22.0,第22節,2027-02-20,,chib,ka-f,,,,,unplayed,,2026_27-j1-22-chib-vs-ka-f
2026_27,J1,明治安田J1リーグ,j1,22.0,第22節,2027-02-20,,FCtk,ngsk,,,,,unplayed,,2026_27-j1-22-FCtk-vs-ngsk
2026_27,J1,明治安田J1リーグ,j1,22.0,第22節,2027-02-20,,y-fm,mcd,,,,,unplayed,,2026_27-j1-22-y-fm-vs-mcd
2026_27,J1,明治安田J1リーグ,j1,22.0,第22節,2027-02-20,,shim,kyot,,,,,unplayed,,2026_27-j1-22-shim-vs-kyot
2026_27,J1,明治安田J1リーグ,j1,22.0,第22節,2027-02-20,,c-os,kobe,,,,,unplayed,,2026_27-j1-22-c-os-vs-kobe
2026_27,J1,明治安田J1リーグ,j1,22.0,第22節,2027-02-20,,okay,g-os,,,,,unplayed,,2026_27-j1-22-okay-vs-g-os
2026_27,J1,明治安田J1リーグ,j1,22.0,第22節,2027-02-20,,hiro,tk-v,,,,,unplayed,,2026_27-j1-22-hiro-vs-tk-v
2026_27,J1,明治安田J1リーグ,j1,22.0,第22節,2027-02-20,,fuku,nago,,,,,unplayed,,2026_27-j1-22-fuku-vs-nago
2026_27,J1,明治安田J1リーグ,j1,23.0,第23節,2027-02-27,,mito,kobe,,,,,unplayed,,2026_27-j1-23-mito-vs-kobe
2026_27,J1,明治安田J1リーグ,j1,23.0,第23節,2027-02-27,,chib,FCtk,,,,,unplayed,,2026_27-j1-23-chib-vs-FCtk
2026_27,J1,明治安田J1リーグ,j1,23.0,第23節,2027-02-27,,ka-f,mcd,,,,,unplayed,,2026_27-j1-23-ka-f-vs-mcd
2026_27,J1,明治安田J1リーグ,j1,23.0,第23節,2027-02-27,,y-fm,c-os,,,,,unplayed,,2026_27-j1-23-y-fm-vs-c-os
2026_27,J1,明治安田J1リーグ,j1,23.0,第23節,2027-02-27,,shim,hiro,,,,,unplayed,,2026_27-j1-23-shim-vs-hiro
2026_27,J1,明治安田J1リーグ,j1,23.0,第23節,2027-02-27,,nago,uraw,,,,,unplayed,,2026_27-j1-23-nago-vs-uraw
2026_27,J1,明治安田J1リーグ,j1,23.0,第23節,2027-02-27,,kyot,tk-v,,,,,unplayed,,2026_27-j1-23-kyot-vs-tk-v
2026_27,J1,明治安田J1リーグ,j1,23.0,第23節,2027-02-27,,g-os,fuku,,,,,unplayed,,2026_27-j1-23-g-os-vs-fuku
2026_27,J1,明治安田J1リーグ,j1,23.0,第23節,2027-02-27,,okay,kasm,,,,,unplayed,,2026_27-j1-23-okay-vs-kasm
2026_27,J1,明治安田J1リーグ,j1,23.0,第23節,2027-02-27,,ngsk,kasw,,,,,unplayed,,2026_27-j1-23-ngsk-vs-kasw
2026_27,J1,明治安田J1リーグ,j1,24.0,第24節,2027-03-06,,kasm,chib,,,,,unplayed,,2026_27-j1-24-kasm-vs-chib
2026_27,J1,明治安田J1リーグ,j1,24.0,第24節,2027-03-06,,tk-v,y-fm,,,,,unplayed,,2026_27-j1-24-tk-v-vs-y-fm
2026_27,J1,明治安田J1リーグ,j1,24.0,第24節,2027-03-06,,mcd,shim,,,,,unplayed,,2026_27-j1-24-mcd-vs-shim
2026_27,J1,明治安田J1リーグ,j1,24.0,第24節,2027-03-06,,ka-f,uraw,,,,,unplayed,,2026_27-j1-24-ka-f-vs-uraw
2026_27,J1,明治安田J1リーグ,j1,24.0,第24節,2027-03-06,,kyot,FCtk,,,,,unplayed,,2026_27-j1-24-kyot-vs-FCtk
2026_27,J1,明治安田J1リーグ,j1,24.0,第24節,2027-03-06,,g-os,nago,,,,,unplayed,,2026_27-j1-24-g-os-vs-nago
2026_27,J1,明治安田J1リーグ,j1,24.0,第24節,2027-03-06,,c-os,hiro,,,,,unplayed,,2026_27-j1-24-c-os-vs-hiro
2026_27,J1,明治安田J1リーグ,j1,24.0,第24節,2027-03-06,,kobe,okay,,,,,unplayed,,2026_27-j1-24-kobe-vs-okay
2026_27,J1,明治安田J1リーグ,j1,24.0,第24節,2027-03-06,,fuku,kasw,,,,,unplayed,,2026_27-j1-24-fuku-vs-kasw
2026_27,J1,明治安田J1リーグ,j1,24.0,第24節,2027-03-06,,ngsk,mito,,,,,unplayed,,2026_27-j1-24-ngsk-vs-mito
2026_27,J1,明治安田J1リーグ,j1,25.0,第25節,2027-03-10,,mito,c-os,,,,,unplayed,,2026_27-j1-25-mito-vs-c-os
2026_27,J1,明治安田J1リーグ,j1,25.0,第25節,2027-03-10,,uraw,FCtk,,,,,unplayed,,2026_27-j1-25-uraw-vs-FCtk
2026_27,J1,明治安田J1リーグ,j1,25.0,第25節,2027-03-10,,chib,tk-v,,,,,unplayed,,2026_27-j1-25-chib-vs-tk-v
2026_27,J1,明治安田J1リーグ,j1,25.0,第25節,2027-03-10,,kasw,kyot,,,,,unplayed,,2026_27-j1-25-kasw-vs-kyot
2026_27,J1,明治安田J1リーグ,j1,25.0,第25節,2027-03-10,,mcd,kasm,,,,,unplayed,,2026_27-j1-25-mcd-vs-kasm
2026_27,J1,明治安田J1リーグ,j1,25.0,第25節,2027-03-10,,shim,ka-f,,,,,unplayed,,2026_27-j1-25-shim-vs-ka-f
2026_27,J1,明治安田J1リーグ,j1,25.0,第25節,2027-03-10,,nago,ngsk,,,,,unplayed,,2026_27-j1-25-nago-vs-ngsk
2026_27,J1,明治安田J1リーグ,j1,25.0,第25節,2027-03-10,,kobe,g-os,,,,,unplayed,,2026_27-j1-25-kobe-vs-g-os
2026_27,J1,明治安田J1リーグ,j1,25.0,第25節,2027-03-10,,okay,y-fm,,,,,unplayed,,2026_27-j1-25-okay-vs-y-fm
2026_27,J1,明治安田J1リーグ,j1,25.0,第25節,2027-03-10,,hiro,fuku,,,,,unplayed,,2026_27-j1-25-hiro-vs-fuku
2026_27,J1,明治安田J1リーグ,j1,26.0,第26節,2027-03-13,,kasm,hiro,,,,,unplayed,,2026_27-j1-26-kasm-vs-hiro
2026_27,J1,明治安田J1リーグ,j1,26.0,第26節,2027-03-13,,kasw,okay,,,,,unplayed,,2026_27-j1-26-kasw-vs-okay
2026_27,J1,明治安田J1リーグ,j1,26.0,第26節,2027-03-13,,FCtk,c-os,,,,,unplayed,,2026_27-j1-26-FCtk-vs-c-os
2026_27,J1,明治安田J1リーグ,j1,26.0,第26節,2027-03-13,,tk-v,mito,,,,,unplayed,,2026_27-j1-26-tk-v-vs-mito
2026_27,J1,明治安田J1リーグ,j1,26.0,第26節,2027-03-13,,mcd,nago,,,,,unplayed,,2026_27-j1-26-mcd-vs-nago
2026_27,J1,明治安田J1リーグ,j1,26.0,第26節,2027-03-13,,y-fm,fuku,,,,,unplayed,,2026_27-j1-26-y-fm-vs-fuku
2026_27,J1,明治安田J1リーグ,j1,26.0,第26節,2027-03-13,,kyot,ka-f,,,,,unplayed,,2026_27-j1-26-kyot-vs-ka-f
2026_27,J1,明治安田J1リーグ,j1,26.0,第26節,2027-03-13,,g-os,ngsk,,,,,unplayed,,2026_27-j1-26-g-os-vs-ngsk
2026_27,J1,明治安田J1リーグ,j1,26.0,第26節,2027-03-13,,kobe,shim,,,,,unplayed,,2026_27-j1-26-kobe-vs-shim
2026_27,J1,明治安田J1リーグ,j1,26.0,第26節,2027-03-14,,chib,uraw,,,,,unplayed,,2026_27-j1-26-chib-vs-uraw
2026_27,J1,明治安田J1リーグ,j1,27.0,第27節,2027-03-20,,kasw,tk-v,,,,,unplayed,,2026_27-j1-27-kasw-vs-tk-v
2026_27,J1,明治安田J1リーグ,j1,27.0,第27節,2027-03-20,,mcd,mito,,,,,unplayed,,2026_27-j1-27-mcd-vs-mito
2026_27,J1,明治安田J1リーグ,j1,27.0,第27節,2027-03-20,,ka-f,FCtk,,,,,unplayed,,2026_27-j1-27-ka-f-vs-FCtk
2026_27,J1,明治安田J1リーグ,j1,27.0,第27節,2027-03-20,,y-fm,uraw,,,,,unplayed,,2026_27-j1-27-y-fm-vs-uraw
2026_27,J1,明治安田J1リーグ,j1,27.0,第27節,2027-03-20,,nago,kobe,,,,,unplayed,,2026_27-j1-27-nago-vs-kobe
2026_27,J1,明治安田J1リーグ,j1,27.0,第27節,2027-03-20,,c-os,kyot,,,,,unplayed,,2026_27-j1-27-c-os-vs-kyot
2026_27,J1,明治安田J1リーグ,j1,27.0,第27節,2027-03-20,,hiro,g-os,,,,,unplayed,,2026_27-j1-27-hiro-vs-g-os
2026_27,J1,明治安田J1リーグ,j1,27.0,第27節,2027-03-20,,fuku,chib,,,,,unplayed,,2026_27-j1-27-fuku-vs-chib
2026_27,J1,明治安田J1リーグ,j1,27.0,第27節,2027-03-20,,ngsk,okay,,,,,unplayed,,2026_27-j1-27-ngsk-vs-okay
2026_27,J1,明治安田J1リーグ,j1,27.0,第27節,2027-03-21,,shim,kasm,,,,,unplayed,,2026_27-j1-27-shim-vs-kasm
2026_27,J1,明治安田J1リーグ,j1,28.0,第28節,2027-04-03,,kasm,y-fm,,,,,unplayed,,2026_27-j1-28-kasm-vs-y-fm
2026_27,J1,明治安田J1リーグ,j1,28.0,第28節,2027-04-03,,mito,chib,,,,,unplayed,,2026_27-j1-28-mito-vs-chib
2026_27,J1,明治安田J1リーグ,j1,28.0,第28節,2027-04-03,,uraw,shim,,,,,unplayed,,2026_27-j1-28-uraw-vs-shim
2026_27,J1,明治安田J1リーグ,j1,28.0,第28節,2027-04-03,,kasw,c-os,,,,,unplayed,,2026_27-j1-28-kasw-vs-c-os
2026_27,J1,明治安田J1リーグ,j1,28.0,第28節,2027-04-03,,FCtk,fuku,,,,,unplayed,,2026_27-j1-28-FCtk-vs-fuku
2026_27,J1,明治安田J1リーグ,j1,28.0,第28節,2027-04-03,,tk-v,mcd,,,,,unplayed,,2026_27-j1-28-tk-v-vs-mcd
2026_27,J1,明治安田J1リーグ,j1,28.0,第28節,2027-04-03,,kyot,ngsk,,,,,unplayed,,2026_27-j1-28-kyot-vs-ngsk
2026_27,J1,明治安田J1リーグ,j1,28.0,第28節,2027-04-03,,g-os,ka-f,,,,,unplayed,,2026_27-j1-28-g-os-vs-ka-f
2026_27,J1,明治安田J1リーグ,j1,28.0,第28節,2027-04-03,,kobe,hiro,,,,,unplayed,,2026_27-j1-28-kobe-vs-hiro
2026_27,J1,明治安田J1リーグ,j1,28.0,第28節,2027-04-03,,okay,nago,,,,,unplayed,,2026_27-j1-28-okay-vs-nago
2026_27,J1,明治安田J1リーグ,j1,29.0,第29節,2027-04-09,,c-os,fuku,,,,,unplayed,,2026_27-j1-29-c-os-vs-fuku
2026_27,J1,明治安田J1リーグ,j1,29.0,第29節,2027-04-10,,uraw,kasw,,,,,unplayed,,2026_27-j1-29-uraw-vs-kasw
2026_27,J1,明治安田J1リーグ,j1,29.0,第29節,2027-04-10,,chib,kyot,,,,,unplayed,,2026_27-j1-29-chib-vs-kyot
2026_27,J1,明治安田J1リーグ,j1,29.0,第29節,2027-04-10,,FCtk,okay,,,,,unplayed,,2026_27-j1-29-FCtk-vs-okay
2026_27,J1,明治安田J1リーグ,j1,29.0,第29節,2027-04-10,,tk-v,g-os,,,,,unplayed,,2026_27-j1-29-tk-v-vs-g-os
2026_27,J1,明治安田J1リーグ,j1,29.0,第29節,2027-04-10,,mcd,kobe,,,,,unplayed,,2026_27-j1-29-mcd-vs-kobe
2026_27,J1,明治安田J1リーグ,j1,29.0,第29節,2027-04-10,,ka-f,ngsk,,,,,unplayed,,2026_27-j1-29-ka-f-vs-ngsk
2026_27,J1,明治安田J1リーグ,j1,29.0,第29節,2027-04-10,,y-fm,hiro,,,,,unplayed,,2026_27-j1-29-y-fm-vs-hiro
2026_27,J1,明治安田J1リーグ,j1,29.0,第29節,2027-04-10,,shim,mito,,,,,unplayed,,2026_27-j1-29-shim-vs-mito
2026_27,J1,明治安田J1リーグ,j1,29.0,第29節,2027-04-10,,nago,kasm,,,,,unplayed,,2026_27-j1-29-nago-vs-kasm
2026_27,J1,明治安田J1リーグ,j1,30.0,第30節,2027-04-16,,hiro,FCtk,,,,,unplayed,,2026_27-j1-30-hiro-vs-FCtk
2026_27,J1,明治安田J1リーグ,j1,30.0,第30節,2027-04-17,,mito,kyot,,,,,unplayed,,2026_27-j1-30-mito-vs-kyot
2026_27,J1,明治安田J1リーグ,j1,30.0,第30節,2027-04-17,,ka-f,tk-v,,,,,unplayed,,2026_27-j1-30-ka-f-vs-tk-v
2026_27,J1,明治安田J1リーグ,j1,30.0,第30節,2027-04-17,,y-fm,kasw,,,,,unplayed,,2026_27-j1-30-y-fm-vs-kasw
2026_27,J1,明治安田J1リーグ,j1,30.0,第30節,2027-04-17,,shim,nago,,,,,unplayed,,2026_27-j1-30-shim-vs-nago
2026_27,J1,明治安田J1リーグ,j1,30.0,第30節,2027-04-17,,g-os,chib,,,,,unplayed,,2026_27-j1-30-g-os-vs-chib
2026_27,J1,明治安田J1リーグ,j1,30.0,第30節,2027-04-17,,c-os,kasm,,,,,unplayed,,2026_27-j1-30-c-os-vs-kasm
2026_27,J1,明治安田J1リーグ,j1,30.0,第30節,2027-04-17,,okay,uraw,,,,,unplayed,,2026_27-j1-30-okay-vs-uraw
2026_27,J1,明治安田J1リーグ,j1,30.0,第30節,2027-04-17,,fuku,mcd,,,,,unplayed,,2026_27-j1-30-fuku-vs-mcd
2026_27,J1,明治安田J1リーグ,j1,30.0,第30節,2027-04-17,,ngsk,kobe,,,,,unplayed,,2026_27-j1-30-ngsk-vs-kobe
2026_27,J1,明治安田J1リーグ,j1,31.0,第31節,2027-04-24,,kasm,kyot,,,,,unplayed,,2026_27-j1-31-kasm-vs-kyot
2026_27,J1,明治安田J1リーグ,j1,31.0,第31節,2027-04-24,,uraw,mito,,,,,unplayed,,2026_27-j1-31-uraw-vs-mito
2026_27,J1,明治安田J1リーグ,j1,31.0,第31節,2027-04-24,,kasw,g-os,,,,,unplayed,,2026_27-j1-31-kasw-vs-g-os
2026_27,J1,明治安田J1リーグ,j1,31.0,第31節,2027-04-24,,FCtk,y-fm,,,,,unplayed,,2026_27-j1-31-FCtk-vs-y-fm
2026_27,J1,明治安田J1リーグ,j1,31.0,第31節,2027-04-24,,tk-v,shim,,,,,unplayed,,2026_27-j1-31-tk-v-vs-shim
2026_27,J1,明治安田J1リーグ,j1,31.0,第31節,2027-04-24,,nago,ka-f,,,,,unplayed,,2026_27-j1-31-nago-vs-ka-f
2026_27,J1,明治安田J1リーグ,j1,31.0,第31節,2027-04-24,,kobe,fuku,,,,,unplayed,,2026_27-j1-31-kobe-vs-fuku
2026_27,J1,明治安田J1リーグ,j1,31.0,第31節,2027-04-24,,okay,c-os,,,,,unplayed,,2026_27-j1-31-okay-vs-c-os
2026_27,J1,明治安田J1リーグ,j1,31.0,第31節,2027-04-24,,hiro,mcd,,,,,unplayed,,2026_27-j1-31-hiro-vs-mcd
2026_27,J1,明治安田J1リーグ,j1,31.0,第31節,2027-04-24,,ngsk,chib,,,,,unplayed,,2026_27-j1-31-ngsk-vs-chib
2026_27,J1,明治安田J1リーグ,j1,32.0,第32節,2027-04-29,,kasm,kobe,,,,,unplayed,,2026_27-j1-32-kasm-vs-kobe
2026_27,J1,明治安田J1リーグ,j1,32.0,第32節,2027-04-29,,uraw,mcd,,,,,unplayed,,2026_27-j1-32-uraw-vs-mcd
2026_27,J1,明治安田J1リーグ,j1,32.0,第32節,2027-04-29,,chib,hiro,,,,,unplayed,,2026_27-j1-32-chib-vs-hiro
2026_27,J1,明治安田J1リーグ,j1,32.0,第32節,2027-04-29,,kasw,FCtk,,,,,unplayed,,2026_27-j1-32-kasw-vs-FCtk
2026_27,J1,明治安田J1リーグ,j1,32.0,第32節,2027-04-29,,ka-f,mito,,,,,unplayed,,2026_27-j1-32-ka-f-vs-mito
2026_27,J1,明治安田J1リーグ,j1,32.0,第32節,2027-04-29,,y-fm,nago,,,,,unplayed,,2026_27-j1-32-y-fm-vs-nago
2026_27,J1,明治安田J1リーグ,j1,32.0,第32節,2027-04-29,,shim,okay,,,,,unplayed,,2026_27-j1-32-shim-vs-okay
2026_27,J1,明治安田J1リーグ,j1,32.0,第32節,2027-04-29,,kyot,g-os,,,,,unplayed,,2026_27-j1-32-kyot-vs-g-os
2026_27,J1,明治安田J1リーグ,j1,32.0,第32節,2027-04-29,,c-os,ngsk,,,,,unplayed,,2026_27-j1-32-c-os-vs-ngsk
2026_27,J1,明治安田J1リーグ,j1,32.0,第32節,2027-04-29,,fuku,tk-v,,,,,unplayed,,2026_27-j1-32-fuku-vs-tk-v
2026_27,J1,明治安田J1リーグ,j1,33.0,第33節,2027-05-03,,mito,fuku,,,,,unplayed,,2026_27-j1-33-mito-vs-fuku
2026_27,J1,明治安田J1リーグ,j1,33.0,第33節,2027-05-03,,FCtk,shim,,,,,unplayed,,2026_27-j1-33-FCtk-vs-shim
2026_27,J1,明治安田J1リーグ,j1,33.0,第33節,2027-05-03,,tk-v,c-os,,,,,unplayed,,2026_27-j1-33-tk-v-vs-c-os
2026_27,J1,明治安田J1リーグ,j1,33.0,第33節,2027-05-03,,mcd,kyot,,,,,unplayed,,2026_27-j1-33-mcd-vs-kyot
2026_27,J1,明治安田J1リーグ,j1,33.0,第33節,2027-05-03,,nago,chib,,,,,unplayed,,2026_27-j1-33-nago-vs-chib
2026_27,J1,明治安田J1リーグ,j1,33.0,第33節,2027-05-03,,g-os,kasm,,,,,unplayed,,2026_27-j1-33-g-os-vs-kasm
2026_27,J1,明治安田J1リーグ,j1,33.0,第33節,2027-05-03,,kobe,kasw,,,,,unplayed,,2026_27-j1-33-kobe-vs-kasw
2026_27,J1,明治安田J1リーグ,j1,33.0,第33節,2027-05-03,,okay,ka-f,,,,,unplayed,,2026_27-j1-33-okay-vs-ka-f
2026_27,J1,明治安田J1リーグ,j1,33.0,第33節,2027-05-03,,hiro,uraw,,,,,unplayed,,2026_27-j1-33-hiro-vs-uraw
2026_27,J1,明治安田J1リーグ,j1,33.0,第33節,2027-05-03,,ngsk,y-fm,,,,,unplayed,,2026_27-j1-33-ngsk-vs-y-fm
2026_27,J1,明治安田J1リーグ,j1,34.0,第34節,2027-05-09,,kasm,ka-f,,,,,unplayed,,2026_27-j1-34-kasm-vs-ka-f
2026_27,J1,明治安田J1リーグ,j1,34.0,第34節,2027-05-09,,mito,okay,,,,,unplayed,,2026_27-j1-34-mito-vs-okay
2026_27,J1,明治安田J1リーグ,j1,34.0,第34節,2027-05-09,,uraw,kobe,,,,,unplayed,,2026_27-j1-34-uraw-vs-kobe
2026_27,J1,明治安田J1リーグ,j1,34.0,第34節,2027-05-09,,chib,shim,,,,,unplayed,,2026_27-j1-34-chib-vs-shim
2026_27,J1,明治安田J1リーグ,j1,34.0,第34節,2027-05-09,,kasw,mcd,,,,,unplayed,,2026_27-j1-34-kasw-vs-mcd
2026_27,J1,明治安田J1リーグ,j1,34.0,第34節,2027-05-09,,FCtk,tk-v,,,,,unplayed,,2026_27-j1-34-FCtk-vs-tk-v
2026_27,J1,明治安田J1リーグ,j1,34.0,第34節,2027-05-09,,y-fm,g-os,,,,,unplayed,,2026_27-j1-34-y-fm-vs-g-os
2026_27,J1,明治安田J1リーグ,j1,34.0,第34節,2027-05-09,,c-os,nago,,,,,unplayed,,2026_27-j1-34-c-os-vs-nago
2026_27,J1,明治安田J1リーグ,j1,34.0,第34節,2027-05-09,,hiro,ngsk,,,,,unplayed,,2026_27-j1-34-hiro-vs-ngsk
2026_27,J1,明治安田J1リーグ,j1,34.0,第34節,2027-05-09,,fuku,kyot,,,,,unplayed,,2026_27-j1-34-fuku-vs-kyot
2026_27,J1,明治安田J1リーグ,j1,35.0,第35節,2027-05-15,,uraw,fuku,,,,,unplayed,,2026_27-j1-35-uraw-vs-fuku
2026_27,J1,明治安田J1リーグ,j1,35.0,第35節,2027-05-15,,mcd,FCtk,,,,,unplayed,,2026_27-j1-35-mcd-vs-FCtk
2026_27,J1,明治安田J1リーグ,j1,35.0,第35節,2027-05-15,,ka-f,y-fm,,,,,unplayed,,2026_27-j1-35-ka-f-vs-y-fm
2026_27,J1,明治安田J1リーグ,j1,35.0,第35節,2027-05-15,,shim,c-os,,,,,unplayed,,2026_27-j1-35-shim-vs-c-os
2026_27,J1,明治安田J1リーグ,j1,35.0,第35節,2027-05-15,,nago,kasw,,,,,unplayed,,2026_27-j1-35-nago-vs-kasw
2026_27,J1,明治安田J1リーグ,j1,35.0,第35節,2027-05-15,,kyot,hiro,,,,,unplayed,,2026_27-j1-35-kyot-vs-hiro
2026_27,J1,明治安田J1リーグ,j1,35.0,第35節,2027-05-15,,g-os,mito,,,,,unplayed,,2026_27-j1-35-g-os-vs-mito
2026_27,J1,明治安田J1リーグ,j1,35.0,第35節,2027-05-15,,kobe,tk-v,,,,,unplayed,,2026_27-j1-35-kobe-vs-tk-v
2026_27,J1,明治安田J1リーグ,j1,35.0,第35節,2027-05-15,,okay,chib,,,,,unplayed,,2026_27-j1-35-okay-vs-chib
2026_27,J1,明治安田J1リーグ,j1,35.0,第35節,2027-05-15,,ngsk,kasm,,,,,unplayed,,2026_27-j1-35-ngsk-vs-kasm
2026_27,J1,明治安田J1リーグ,j1,36.0,第36節,2027-05-22,,mito,nago,,,,,unplayed,,2026_27-j1-36-mito-vs-nago
2026_27,J1,明治安田J1リーグ,j1,36.0,第36節,2027-05-22,,uraw,kyot,,,,,unplayed,,2026_27-j1-36-uraw-vs-kyot
2026_27,J1,明治安田J1リーグ,j1,36.0,第36節,2027-05-22,,chib,kobe,,,,,unplayed,,2026_27-j1-36-chib-vs-kobe
2026_27,J1,明治安田J1リーグ,j1,36.0,第36節,2027-05-22,,FCtk,g-os,,,,,unplayed,,2026_27-j1-36-FCtk-vs-g-os
2026_27,J1,明治安田J1リーグ,j1,36.0,第36節,2027-05-22,,tk-v,ngsk,,,,,unplayed,,2026_27-j1-36-tk-v-vs-ngsk
2026_27,J1,明治安田J1リーグ,j1,36.0,第36節,2027-05-22,,ka-f,c-os,,,,,unplayed,,2026_27-j1-36-ka-f-vs-c-os
2026_27,J1,明治安田J1リーグ,j1,36.0,第36節,2027-05-22,,y-fm,shim,,,,,unplayed,,2026_27-j1-36-y-fm-vs-shim
2026_27,J1,明治安田J1リーグ,j1,36.0,第36節,2027-05-22,,okay,mcd,,,,,unplayed,,2026_27-j1-36-okay-vs-mcd
2026_27,J1,明治安田J1リーグ,j1,36.0,第36節,2027-05-22,,hiro,kasw,,,,,unplayed,,2026_27-j1-36-hiro-vs-kasw
2026_27,J1,明治安田J1リーグ,j1,36.0,第36節,2027-05-22,,fuku,kasm,,,,,unplayed,,2026_27-j1-36-fuku-vs-kasm
2026_27,J1,明治安田J1リーグ,j1,37.0,第37節,2027-05-29,,kasw,kasm,,,,,unplayed,,2026_27-j1-37-kasw-vs-kasm
2026_27,J1,明治安田J1リーグ,j1,37.0,第37節,2027-05-29,,FCtk,kobe,,,,,unplayed,,2026_27-j1-37-FCtk-vs-kobe
2026_27,J1,明治安田J1リーグ,j1,37.0,第37節,2027-05-29,,tk-v,okay,,,,,unplayed,,2026_27-j1-37-tk-v-vs-okay
2026_27,J1,明治安田J1リーグ,j1,37.0,第37節,2027-05-29,,y-fm,chib,,,,,unplayed,,2026_27-j1-37-y-fm-vs-chib
2026_27,J1,明治安田J1リーグ,j1,37.0,第37節,2027-05-29,,kyot,nago,,,,,unplayed,,2026_27-j1-37-kyot-vs-nago
2026_27,J1,明治安田J1リーグ,j1,37.0,第37節,2027-05-29,,g-os,shim,,,,,unplayed,,2026_27-j1-37-g-os-vs-shim
2026_27,J1,明治安田J1リーグ,j1,37.0,第37節,2027-05-29,,c-os,uraw,,,,,unplayed,,2026_27-j1-37-c-os-vs-uraw
2026_27,J1,明治安田J1リーグ,j1,37.0,第37節,2027-05-29,,hiro,mito,,,,,unplayed,,2026_27-j1-37-hiro-vs-mito
2026_27,J1,明治安田J1リーグ,j1,37.0,第37節,2027-05-29,,fuku,ka-f,,,,,unplayed,,2026_27-j1-37-fuku-vs-ka-f
2026_27,J1,明治安田J1リーグ,j1,37.0,第37節,2027-05-29,,ngsk,mcd,,,,,unplayed,,2026_27-j1-37-ngsk-vs-mcd
2026_27,J1,明治安田J1リーグ,j1,38.0,第38節,2027-06-06,,kasm,FCtk,,,,,unplayed,,2026_27-j1-38-kasm-vs-FCtk
2026_27,J1,明治安田J1リーグ,j1,38.0,第38節,2027-06-06,,mito,y-fm,,,,,unplayed,,2026_27-j1-38-mito-vs-y-fm
2026_27,J1,明治安田J1リーグ,j1,38.0,第38節,2027-06-06,,uraw,g-os,,,,,unplayed,,2026_27-j1-38-uraw-vs-g-os
2026_27,J1,明治安田J1リーグ,j1,38.0,第38節,2027-06-06,,chib,kasw,,,,,unplayed,,2026_27-j1-38-chib-vs-kasw
2026_27,J1,明治安田J1リーグ,j1,38.0,第38節,2027-06-06,,mcd,c-os,,,,,unplayed,,2026_27-j1-38-mcd-vs-c-os
2026_27,J1,明治安田J1リーグ,j1,38.0,第38節,2027-06-06,,ka-f,hiro,,,,,unplayed,,2026_27-j1-38-ka-f-vs-hiro
2026_27,J1,明治安田J1リーグ,j1,38.0,第38節,2027-06-06,,shim,ngsk,,,,,unplayed,,2026_27-j1-38-shim-vs-ngsk
2026_27,J1,明治安田J1リーグ,j1,38.0,第38節,2027-06-06,,nago,tk-v,,,,,unplayed,,2026_27-j1-38-nago-vs-tk-v
2026_27,J1,明治安田J1リーグ,j1,38.0,第38節,2027-06-06,,kobe,kyot,,,,,unplayed,,2026_27-j1-38-kobe-vs-kyot
2026_27,J1,明治安田J1リーグ,j1,38.0,第38節,2027-06-06,,okay,fuku,,,,,unplayed,,2026_27-j1-38-okay-vs-fuku
