rank,position,player,cbp,cbp_90,played_games,goals,assists,team,source_url,scorer_score
1,FW,鈴木　優磨,31.58,1.75,19,6,5,kasm,https://www.football-lab.jp/kasm/ranking,0.9568421052631577
2,MF,三竿　健斗,25.1,1.65,17,1,0,kasm,https://www.football-lab.jp/kasm/ranking,0.38882352941176473
3,DF,濃野　公人,24.1,1.41,18,2,1,kasm,https://www.football-lab.jp/kasm/ranking,0.3367111111111111
4,DF,植田　直通,21.6,1.14,19,2,1,kasm,https://www.football-lab.jp/kasm/ranking,0.2876631578947368
5,FW,レオ　セアラ,19.35,1.06,19,10,2,kasm,https://www.football-lab.jp/kasm/ranking,0.9491368421052631
6,MF,荒木　遼太郎,17.72,1.76,16,1,2,kasm,https://www.football-lab.jp/kasm/ranking,0.47700000000000004
7,DF,キム　テヒョン,17.35,1.16,15,1,1,kasm,https://www.football-lab.jp/kasm/ranking,0.2656
8,MF,柴崎　岳,14.81,1.78,14,0,3,kasm,https://www.football-lab.jp/kasm/ranking,0.4631428571428572
9,MF,樋口　雄太,13.64,1.51,14,0,2,kasm,https://www.football-lab.jp/kasm/ranking,0.37342857142857144
10,DF,安西　幸輝,12.38,1.59,10,0,1,kasm,https://www.football-lab.jp/kasm/ranking,0.29440000000000005
1,DF,大森　渚生,24.55,1.53,18,0,0,mito,https://www.football-lab.jp/mito/ranking,0.24480000000000005
2,MF,大崎　航詩,22.93,1.42,17,0,0,mito,https://www.football-lab.jp/mito/ranking,0.284
3,MF,仙波　大志,20.74,1.45,18,1,2,mito,https://www.football-lab.jp/mito/ranking,0.4011111111111111
4,DF,板倉　健太,18.59,0.98,19,0,0,mito,https://www.football-lab.jp/mito/ranking,0.15680000000000002
5,DF,真瀬　拓海,17.78,1.26,16,0,1,mito,https://www.football-lab.jp/mito/ranking,0.22660000000000002
6,MF,新井　瑞希,15.61,2.67,10,0,1,mito,https://www.football-lab.jp/mito/ranking,0.5840000000000001
7,DF,飯田　貴敬,15.0,1.2,13,0,1,mito,https://www.football-lab.jp/mito/ranking,0.22276923076923075
8,FW,渡邉　新太,14.45,1.12,16,4,1,mito,https://www.football-lab.jp/mito/ranking,0.6063
9,MF,鳥海　芳樹,14.32,1.53,12,2,0,mito,https://www.football-lab.jp/mito/ranking,0.4726666666666667
10,MF,山本　隼大,11.61,1.72,17,1,0,mito,https://www.football-lab.jp/mito/ranking,0.40282352941176475
1,MF,金子　拓郎,31.02,2.02,19,2,1,uraw,https://www.football-lab.jp/uraw/ranking,0.535578947368421
2,MF,マテウス　サヴィオ,27.67,1.85,18,2,5,uraw,https://www.football-lab.jp/uraw/ranking,0.6200000000000001
3,DF,宮本　優太,23.07,1.54,15,0,0,uraw,https://www.football-lab.jp/uraw/ranking,0.24640000000000006
4,MF,渡邊　凌磨,21.51,1.25,18,3,0,uraw,https://www.football-lab.jp/uraw/ranking,0.41666666666666663
5,DF,根本　健太,19.66,1.03,19,2,1,uraw,https://www.football-lab.jp/uraw/ranking,0.2700631578947369
6,MF,安居　海渡,16.58,1.05,17,2,1,uraw,https://www.football-lab.jp/uraw/ranking,0.35705882352941176
7,DF,石原　広教,15.44,1.67,13,0,1,uraw,https://www.football-lab.jp/uraw/ranking,0.2979692307692308
8,MF,長沼　洋一,13.83,1.32,13,0,1,uraw,https://www.football-lab.jp/uraw/ranking,0.30246153846153845
9,MF,中島　翔哉,13.34,3.24,11,0,2,uraw,https://www.football-lab.jp/uraw/ranking,0.7389090909090911
10,MF,関根　貴大,12.01,1.17,15,1,0,uraw,https://www.football-lab.jp/uraw/ranking,0.30066666666666664
1,DF,河野　貴志,23.33,1.3,18,0,0,chib,https://www.football-lab.jp/chib/ranking,0.20800000000000002
2,MF,津久井　匠海,23.08,1.6,18,2,1,chib,https://www.football-lab.jp/chib/ranking,0.45888888888888896
3,MF,髙橋　壱晟,17.96,1.06,17,1,1,chib,https://www.football-lab.jp/chib/ranking,0.30023529411764704
4,MF,イサカ　ゼイン,17.54,1.33,18,1,2,chib,https://www.football-lab.jp/chib/ranking,0.3771111111111111
5,DF,前　貴之,14.56,0.92,17,0,0,chib,https://www.football-lab.jp/chib/ranking,0.14720000000000003
6,MF,日高　大,11.77,1.0,14,2,0,chib,https://www.football-lab.jp/chib/ranking,0.34285714285714286
7,FW,石川　大地,11.56,0.82,16,3,1,chib,https://www.football-lab.jp/chib/ranking,0.45930000000000004
8,MF,小林　祐介,11.45,1.09,13,0,0,chib,https://www.football-lab.jp/chib/ranking,0.21800000000000003
9,DF,久保庭　良太,10.01,0.79,13,1,0,chib,https://www.football-lab.jp/chib/ranking,0.18793846153846158
10,MF,エドゥアルド,7.87,1.25,11,0,1,chib,https://www.football-lab.jp/chib/ranking,0.29545454545454547
1,MF,小泉　佳穂,37.33,2.33,18,3,4,kasw,https://www.football-lab.jp/kasw/ranking,0.7437777777777779
2,MF,久保　藤次郎,31.84,2.21,16,2,1,kasw,https://www.football-lab.jp/kasw/ranking,0.59825
3,MF,中川　敦瑛,30.42,1.67,19,2,1,kasw,https://www.football-lab.jp/kasw/ranking,0.4655789473684211
4,DF,古賀　太陽,27.81,1.46,19,1,0,kasw,https://www.football-lab.jp/kasw/ranking,0.27570526315789473
5,DF,山之内　佑成,21.25,2.1,16,0,0,kasw,https://www.football-lab.jp/kasw/ranking,0.3360000000000001
6,DF,原田　亘,21.13,2.14,12,0,1,kasw,https://www.football-lab.jp/kasw/ranking,0.3757333333333334
7,DF,杉岡　大暉,19.25,1.78,16,1,0,kasw,https://www.football-lab.jp/kasw/ranking,0.33480000000000004
8,DF,三丸　拡,17.86,1.35,17,0,1,kasw,https://www.football-lab.jp/kasw/ranking,0.2395294117647059
9,MF,瀬川　祐輔,15.89,1.68,19,4,1,kasw,https://www.football-lab.jp/kasw/ranking,0.5728421052631579
10,FW,細谷　真大,15.68,1.41,19,3,1,kasw,https://www.football-lab.jp/kasw/ranking,0.5594526315789473
1,DF,アレクサンダー　ショルツ,24.67,1.56,16,1,1,FCtk,https://www.football-lab.jp/fctk/ranking,0.32460000000000006
2,DF,橋本　健人,23.22,1.85,18,0,2,FCtk,https://www.football-lab.jp/fctk/ranking,0.3404444444444445
3,DF,稲村　隼翔,22.27,1.48,16,0,0,FCtk,https://www.football-lab.jp/fctk/ranking,0.2368
4,MF,遠藤　渓太,22.02,1.79,19,3,0,FCtk,https://www.football-lab.jp/fctk/ranking,0.5158947368421053
5,MF,佐藤　龍之介,21.81,1.62,18,5,1,FCtk,https://www.football-lab.jp/fctk/ranking,0.6295555555555556
6,DF,室屋　成,21.54,1.15,19,4,1,FCtk,https://www.football-lab.jp/fctk/ranking,0.3734736842105263
7,FW,佐藤　恵允,19.35,1.14,19,5,3,FCtk,https://www.football-lab.jp/fctk/ranking,0.6841263157894736
8,FW,マルセロ　ヒアン,16.88,1.28,17,6,4,FCtk,https://www.football-lab.jp/fctk/ranking,0.8719058823529412
9,MF,常盤　亨太,15.42,0.97,19,0,0,FCtk,https://www.football-lab.jp/fctk/ranking,0.194
10,MF,橋本　拳人,15.32,1.13,17,0,0,FCtk,https://www.football-lab.jp/fctk/ranking,0.22599999999999998
1,MF,森田　晃樹,21.48,1.21,19,1,3,tk-v,https://www.football-lab.jp/tk-v/ranking,0.373578947368421
2,MF,平川　怜,15.23,0.93,19,0,2,tk-v,https://www.football-lab.jp/tk-v/ranking,0.23863157894736844
3,MF,齋藤　功佑,14.18,1.57,18,1,0,tk-v,https://www.football-lab.jp/tk-v/ranking,0.36955555555555564
4,FW,染野　唯月,13.87,0.89,17,4,2,tk-v,https://www.football-lab.jp/tk-v/ranking,0.5665411764705882
5,DF,鈴木　海音,13.61,0.79,18,0,0,tk-v,https://www.football-lab.jp/tk-v/ranking,0.12640000000000004
6,DF,井上　竜太,10.92,0.76,17,0,0,tk-v,https://www.football-lab.jp/tk-v/ranking,0.12160000000000003
7,MF,新井　悠太,10.51,1.2,16,1,2,tk-v,https://www.football-lab.jp/tk-v/ranking,0.365
8,DF,深澤　大輝,9.91,0.67,16,0,0,tk-v,https://www.football-lab.jp/tk-v/ranking,0.10720000000000002
9,MF,松橋　優安,9.65,1.09,16,1,2,tk-v,https://www.football-lab.jp/tk-v/ranking,0.343
10,DF,宮原　和也,9.49,0.83,14,0,0,tk-v,https://www.football-lab.jp/tk-v/ranking,0.1328
1,FW,相馬　勇紀,24.8,2.54,11,4,3,mcd,https://www.football-lab.jp/mcd/ranking,1.2096
2,DF,中山　雄太,19.8,1.37,16,1,1,mcd,https://www.football-lab.jp/mcd/ranking,0.2942
3,FW,エリキ,18.86,1.57,17,8,0,mcd,https://www.football-lab.jp/mcd/ranking,0.9415058823529412
4,FW,ナ　サンホ,15.89,1.58,17,3,3,mcd,https://www.football-lab.jp/mcd/ranking,0.6968470588235294
5,DF,昌子　源,15.48,0.95,18,1,1,mcd,https://www.football-lab.jp/mcd/ranking,0.21866666666666668
6,MF,前　寛之,14.61,1.36,15,0,0,mcd,https://www.football-lab.jp/mcd/ranking,0.272
7,DF,林　幸多郎,13.88,1.1,17,0,1,mcd,https://www.football-lab.jp/mcd/ranking,0.19952941176470593
8,MF,ネタ　ラヴィ,13.17,1.19,14,0,1,mcd,https://www.football-lab.jp/mcd/ranking,0.2737142857142857
9,DF,岡村　大八,12.65,0.79,16,0,0,mcd,https://www.football-lab.jp/mcd/ranking,0.12640000000000004
10,DF,中村　帆高,11.86,0.83,16,1,1,mcd,https://www.football-lab.jp/mcd/ranking,0.20780000000000004
1,DF,三浦　颯太,31.29,1.76,19,0,1,ka-f,https://www.football-lab.jp/ka-f/ranking,0.30265263157894745
2,MF,山本　悠樹,29.97,2.14,19,1,2,ka-f,https://www.football-lab.jp/ka-f/ranking,0.5332631578947369
3,DF,山原　怜音,29.09,1.54,19,1,0,ka-f,https://www.football-lab.jp/ka-f/ranking,0.28850526315789476
4,MF,脇坂　泰斗,25.07,1.44,18,5,4,ka-f,https://www.football-lab.jp/ka-f/ranking,0.6768888888888889
5,FW,伊藤　達哉,22.59,1.85,18,1,2,ka-f,https://www.football-lab.jp/ka-f/ranking,0.5773333333333334
6,MF,橘田　健人,22.38,1.46,19,0,2,ka-f,https://www.football-lab.jp/ka-f/ranking,0.3446315789473684
7,FW,マルシーニョ,16.74,1.59,19,1,1,ka-f,https://www.football-lab.jp/ka-f/ranking,0.4763368421052632
8,DF,丸山　祐市,15.05,1.13,14,0,0,ka-f,https://www.football-lab.jp/ka-f/ranking,0.1808
9,DF,松長根　悠仁,14.82,1.0,15,1,0,ka-f,https://www.football-lab.jp/ka-f/ranking,0.21333333333333335
10,FW,エリソン,9.67,1.06,15,7,0,ka-f,https://www.football-lab.jp/ka-f/ranking,0.8144000000000001
1,MF,山根　陸,19.3,1.04,19,2,1,y-fm,https://www.football-lab.jp/y-fm/ranking,0.3395789473684211
2,DF,井上　太聖,19.21,1.2,17,1,1,y-fm,https://www.football-lab.jp/y-fm/ranking,0.2625882352941177
3,FW,ジョルディ　クルークス,18.47,1.45,19,1,5,y-fm,https://www.football-lab.jp/y-fm/ranking,0.5690526315789473
4,DF,加藤　蓮,17.55,0.96,19,1,0,y-fm,https://www.football-lab.jp/y-fm/ranking,0.19570526315789474
5,MF,天野　純,15.87,1.43,18,4,4,y-fm,https://www.football-lab.jp/y-fm/ranking,0.6193333333333333
6,DF,ジェイソン　キニョーネス,14.48,0.98,17,1,0,y-fm,https://www.football-lab.jp/y-fm/ranking,0.2038588235294118
7,DF,角田　涼太朗,13.31,1.15,12,0,0,y-fm,https://www.football-lab.jp/y-fm/ranking,0.184
8,FW,谷村　海那,11.94,0.78,18,10,2,y-fm,https://www.football-lab.jp/y-fm/ranking,0.9205333333333334
9,MF,渡辺　皓太,11.74,0.87,16,1,2,y-fm,https://www.football-lab.jp/y-fm/ranking,0.29900000000000004
10,FW,近藤　友喜,9.87,1.21,16,1,2,y-fm,https://www.football-lab.jp/y-fm/ranking,0.44039999999999996
1,MF,マテウス　ブエノ,32.09,1.83,18,1,0,shim,https://www.football-lab.jp/shim/ranking,0.42155555555555557
2,FW,オ　セフン,19.52,1.14,18,7,1,shim,https://www.football-lab.jp/shim/ranking,0.7736000000000001
3,DF,吉田　豊,17.82,1.22,17,1,3,shim,https://www.football-lab.jp/shim/ranking,0.3128470588235295
4,FW,北川　航也,15.89,2.05,9,2,0,shim,https://www.football-lab.jp/shim/ranking,0.7586666666666667
5,MF,カピシャーバ,14.54,1.48,13,1,1,shim,https://www.football-lab.jp/shim/ranking,0.41138461538461535
6,MF,小塚　和季,14.07,1.53,16,1,0,shim,https://www.football-lab.jp/shim/ranking,0.36850000000000005
7,DF,マテウス　ブルネッティ,13.88,1.45,11,0,0,shim,https://www.football-lab.jp/shim/ranking,0.23199999999999998
8,DF,北爪　健吾,13.64,1.31,14,1,1,shim,https://www.football-lab.jp/shim/ranking,0.29531428571428575
9,MF,宇野　禅斗,12.66,1.0,17,1,2,shim,https://www.football-lab.jp/shim/ranking,0.3176470588235294
10,DF,住吉　ジェラニレショーン,11.42,0.71,17,0,0,shim,https://www.football-lab.jp/shim/ranking,0.11359999999999999
1,MF,中山　克広,32.07,1.92,18,0,7,nago,https://www.football-lab.jp/nago/ranking,0.5784444444444444
2,MF,高嶺　朋樹,31.35,1.75,18,1,2,nago,https://www.football-lab.jp/nago/ranking,0.46111111111111114
3,DF,藤井　陽也,24.61,1.37,18,0,2,nago,https://www.football-lab.jp/nago/ranking,0.2636444444444445
4,MF,稲垣　祥,19.13,1.28,15,2,0,nago,https://www.football-lab.jp/nago/ranking,0.3893333333333333
5,FW,木村　勇大,17.56,1.05,19,9,2,nago,https://www.football-lab.jp/nago/ranking,0.8835789473684211
6,MF,甲田　英將,15.8,2.02,17,2,1,nago,https://www.football-lab.jp/nago/ranking,0.5510588235294118
7,DF,徳元　悠平,15.57,1.94,9,0,0,nago,https://www.football-lab.jp/nago/ranking,0.3104
8,DF,野上　結貴,15.2,1.62,16,0,1,nago,https://www.football-lab.jp/nago/ranking,0.28420000000000006
9,DF,原　輝綺,15.0,1.53,12,0,3,nago,https://www.football-lab.jp/nago/ranking,0.34480000000000005
10,MF,浅野　雄也,14.05,1.58,14,2,0,nago,https://www.football-lab.jp/nago/ranking,0.4588571428571429
1,MF,ジョアン　ペドロ,26.42,1.66,17,2,1,kyot,https://www.football-lab.jp/kyot/ranking,0.47905882352941176
2,FW,マルコ　トゥーリオ,20.36,1.67,13,5,1,kyot,https://www.football-lab.jp/kyot/ranking,0.9084923076923078
3,MF,尹　星俊,18.85,1.22,17,0,1,kyot,https://www.football-lab.jp/kyot/ranking,0.27341176470588235
4,DF,須貝　英大,17.35,1.16,17,0,1,kyot,https://www.football-lab.jp/kyot/ranking,0.2091294117647059
5,MF,佐藤　響,16.34,1.18,18,1,0,kyot,https://www.football-lab.jp/kyot/ranking,0.29155555555555557
6,DF,福田　心之助,14.89,1.29,13,0,0,kyot,https://www.football-lab.jp/kyot/ranking,0.20640000000000003
7,FW,ラファエル　エリアス,13.79,1.23,14,6,3,kyot,https://www.football-lab.jp/kyot/ranking,0.9380571428571428
8,MF,奥川　雅也,12.33,1.41,17,1,1,kyot,https://www.football-lab.jp/kyot/ranking,0.370235294117647
9,MF,中野　瑠馬,11.21,2.06,13,0,0,kyot,https://www.football-lab.jp/kyot/ranking,0.41200000000000003
10,MF,平岡　大陽,11.17,2.03,13,0,0,kyot,https://www.football-lab.jp/kyot/ranking,0.40599999999999997
1,DF,初瀬　亮,26.55,1.89,16,0,3,g-os,https://www.football-lab.jp/g-os/ranking,0.3774
2,FW,山下　諒也,24.78,1.7,18,1,2,g-os,https://www.football-lab.jp/g-os/ranking,0.5413333333333333
3,MF,安部　柊斗,22.03,2.2,14,0,1,g-os,https://www.football-lab.jp/g-os/ranking,0.47571428571428576
4,DF,中谷　進之介,20.82,1.1,19,1,1,g-os,https://www.football-lab.jp/g-os/ranking,0.23915789473684212
5,FW,食野　亮太郎,18.63,2.01,17,2,0,g-os,https://www.football-lab.jp/g-os/ranking,0.6235764705882352
6,MF,鈴木　徳真,18.05,1.72,14,0,1,g-os,https://www.football-lab.jp/g-os/ranking,0.3797142857142857
7,DF,三浦　弦太,16.7,1.08,16,1,1,g-os,https://www.football-lab.jp/g-os/ranking,0.24780000000000002
8,DF,岸本　武流,16.23,1.74,11,1,1,g-os,https://www.football-lab.jp/g-os/ranking,0.3874909090909091
9,MF,美藤　倫,14.79,1.26,15,1,1,g-os,https://www.football-lab.jp/g-os/ranking,0.352
10,FW,イッサム　ジェバリ,14.24,1.9,11,1,2,g-os,https://www.football-lab.jp/g-os/ranking,0.6741818181818181
1,MF,柴山　昌也,35.24,2.65,18,1,5,c-os,https://www.football-lab.jp/c-os/ranking,0.7244444444444444
2,MF,田中　駿汰,21.88,1.21,19,4,1,c-os,https://www.football-lab.jp/c-os/ranking,0.47884210526315785
3,MF,横山　夢樹,21.66,2.36,18,4,1,c-os,https://www.football-lab.jp/c-os/ranking,0.722
4,MF,石渡　ネルソン,19.94,1.41,17,0,2,c-os,https://www.football-lab.jp/c-os/ranking,0.3408235294117647
5,DF,ディオン　クールズ,17.82,1.31,18,0,1,c-os,https://www.football-lab.jp/c-os/ranking,0.23182222222222226
6,FW,中島　元彦,16.68,1.34,18,0,4,c-os,https://www.football-lab.jp/c-os/ranking,0.4549333333333333
7,FW,チアゴ　アンドラーデ,15.54,1.21,18,6,0,c-os,https://www.football-lab.jp/c-os/ranking,0.6903999999999999
8,MF,香川　真司,15.04,2.42,15,1,1,c-os,https://www.football-lab.jp/c-os/ranking,0.584
9,DF,畠中　槙之輔,14.54,0.92,17,0,0,c-os,https://www.football-lab.jp/c-os/ranking,0.14720000000000003
10,DF,井上　黎生人,14.35,0.89,17,2,0,c-os,https://www.football-lab.jp/c-os/ranking,0.23651764705882355
1,MF,山根　永遠,23.57,1.73,17,2,2,okay,https://www.football-lab.jp/okay/ranking,0.5224705882352941
2,DF,白井　康介,20.69,1.59,16,2,3,okay,https://www.football-lab.jp/okay/ranking,0.42940000000000006
3,MF,江坂　任,20.33,1.25,19,3,3,okay,https://www.football-lab.jp/okay/ranking,0.48684210526315785
4,DF,立田　悠悟,15.73,0.83,19,0,0,okay,https://www.football-lab.jp/okay/ranking,0.1328
5,MF,宮本　英治,13.87,0.94,16,0,0,okay,https://www.football-lab.jp/okay/ranking,0.188
6,MF,小倉　幸成,11.97,0.91,16,0,3,okay,https://www.football-lab.jp/okay/ranking,0.27575000000000005
7,MF,木村　太哉,11.77,1.03,18,4,1,okay,https://www.football-lab.jp/okay/ranking,0.456
8,FW,ルカオ,11.19,1.22,17,2,2,okay,https://www.football-lab.jp/okay/ranking,0.5045647058823529
9,DF,大森　博,9.9,0.79,13,0,0,okay,https://www.football-lab.jp/okay/ranking,0.12640000000000004
10,FW,ウェリック　ポポ,8.81,1.4,15,3,3,okay,https://www.football-lab.jp/okay/ranking,0.6960000000000001
1,FW,武藤　嘉紀,24.94,1.92,14,4,2,kobe,https://www.football-lab.jp/kobe/ranking,0.8893714285714285
2,FW,佐々木　大樹,23.78,1.93,14,2,3,kobe,https://www.football-lab.jp/kobe/ranking,0.7632
3,DF,永戸　勝也,23.73,1.58,18,3,1,kobe,https://www.football-lab.jp/kobe/ranking,0.4083555555555556
4,MF,井手口　陽介,23.26,1.37,18,1,3,kobe,https://www.football-lab.jp/kobe/ranking,0.4128888888888889
5,DF,広瀬　陸斗,19.94,1.74,15,0,0,kobe,https://www.football-lab.jp/kobe/ranking,0.27840000000000004
6,DF,酒井　高徳,16.31,1.39,13,2,1,kobe,https://www.football-lab.jp/kobe/ranking,0.3762461538461539
7,FW,大迫　勇也,16.09,1.71,14,4,1,kobe,https://www.football-lab.jp/kobe/ranking,0.7961142857142858
8,DF,マテウス　トゥーレル,14.78,0.95,17,2,0,kobe,https://www.football-lab.jp/kobe/ranking,0.24611764705882352
9,DF,ジエゴ,14.71,1.65,13,1,0,kobe,https://www.football-lab.jp/kobe/ranking,0.32553846153846155
10,DF,カエターノ,12.29,1.18,15,0,0,kobe,https://www.football-lab.jp/kobe/ranking,0.1888
1,DF,塩谷　司,30.65,1.89,18,0,1,hiro,https://www.football-lab.jp/hiro/ranking,0.32462222222222226
2,MF,東　俊希,26.37,2.22,17,3,7,hiro,https://www.football-lab.jp/hiro/ranking,0.8263529411764706
3,DF,新井　直人,25.21,2.03,16,1,1,hiro,https://www.football-lab.jp/hiro/ranking,0.3998
4,MF,川辺　駿,23.98,1.59,17,2,3,hiro,https://www.football-lab.jp/hiro/ranking,0.5238823529411765
5,DF,中野　就斗,21.01,1.28,19,3,1,hiro,https://www.football-lab.jp/hiro/ranking,0.35216842105263163
6,MF,松本　泰志,20.97,1.63,17,1,2,hiro,https://www.football-lab.jp/hiro/ranking,0.4436470588235294
7,FW,中村　草太,20.23,2.0,15,4,1,hiro,https://www.football-lab.jp/hiro/ranking,0.84
8,DF,佐々木　翔,19.28,1.48,15,0,0,hiro,https://www.football-lab.jp/hiro/ranking,0.2368
9,FW,鈴木　章斗,18.53,1.41,19,5,5,hiro,https://www.football-lab.jp/hiro/ranking,0.8120842105263156
10,FW,加藤　陸次樹,12.4,1.4,17,4,2,hiro,https://www.football-lab.jp/hiro/ranking,0.6889411764705882
1,MF,見木　友哉,24.88,1.68,16,2,2,fuku,https://www.football-lab.jp/fuku/ranking,0.5235000000000001
2,MF,名古　新太郎,16.01,1.37,15,0,1,fuku,https://www.football-lab.jp/fuku/ranking,0.30733333333333335
3,DF,前嶋　洋太,15.53,0.92,19,0,1,fuku,https://www.football-lab.jp/fuku/ranking,0.1682526315789474
4,DF,辻岡　佑真,14.75,1.19,15,2,1,fuku,https://www.football-lab.jp/fuku/ranking,0.3237333333333333
5,FW,藤本　一輝,14.29,1.45,16,1,0,fuku,https://www.football-lab.jp/fuku/ranking,0.423
6,DF,岡　哲平,13.78,0.82,18,1,0,fuku,https://www.football-lab.jp/fuku/ranking,0.17564444444444446
7,MF,重見　柾斗,13.42,1.04,17,1,1,fuku,https://www.football-lab.jp/fuku/ranking,0.29623529411764704
8,DF,橋本　悠,13.27,1.23,16,3,2,fuku,https://www.football-lab.jp/fuku/ranking,0.39680000000000004
9,MF,北島　祐二,11.78,1.52,18,0,1,fuku,https://www.football-lab.jp/fuku/ranking,0.33177777777777784
10,DF,上島　拓巳,8.65,0.89,11,0,1,fuku,https://www.football-lab.jp/fuku/ranking,0.17876363636363637
1,MF,長谷川　元希,20.96,1.35,18,1,2,ngsk,https://www.football-lab.jp/ngsk/ranking,0.3811111111111111
2,MF,山口　蛍,20.37,1.14,19,1,0,ngsk,https://www.football-lab.jp/ngsk/ranking,0.2806315789473684
3,MF,マテウス　ジェズス,20.2,1.43,17,7,4,ngsk,https://www.football-lab.jp/ngsk/ranking,0.8154117647058823
4,DF,米田　隼也,19.38,1.34,18,0,1,ngsk,https://www.football-lab.jp/ngsk/ranking,0.23662222222222226
5,MF,翁長　聖,15.38,1.01,19,0,0,ngsk,https://www.football-lab.jp/ngsk/ranking,0.202
6,FW,ノーマン　キャンベル,12.57,1.76,15,2,2,ngsk,https://www.football-lab.jp/ngsk/ranking,0.6624
7,MF,ディエゴ　ピトゥカ,12.34,1.49,16,0,0,ngsk,https://www.football-lab.jp/ngsk/ranking,0.298
8,MF,山田　陸,9.94,1.27,12,0,1,ngsk,https://www.football-lab.jp/ngsk/ranking,0.2956666666666667
9,FW,チアゴ　サンタナ,9.38,0.87,15,6,0,ngsk,https://www.football-lab.jp/ngsk/ranking,0.6888000000000001
10,DF,関口　正大,9.18,1.0,10,0,0,ngsk,https://www.football-lab.jp/ngsk/ranking,0.16000000000000003
