team,team_name,Unnamed: 0,Unnamed: 1,期待値,ゴール,差分,成績順位,table_index,被ゴール
hiro,サンフレッチェ広島広島,,サンフレッチェ広島広島,2.522,2.5,-0.022,3,0,
ka-f,川崎フロンターレ川崎Ｆ,,川崎フロンターレ川崎Ｆ,1.78,2.0,0.22,7,0,
kasm,鹿島アントラーズ鹿島,,鹿島アントラーズ鹿島,1.78,2.0,0.22,8,0,
FCtk,ＦＣ東京FC東京,,ＦＣ東京FC東京,1.686,1.75,0.064,5,0,
mcd,ＦＣ町田ゼルビア町田,,ＦＣ町田ゼルビア町田,1.603,2.63,1.027,4,0,
kasw,柏レイソル柏,,柏レイソル柏,1.584,2.13,0.546,2,0,
kobe,ヴィッセル神戸神戸,,ヴィッセル神戸神戸,1.56,1.5,-0.06,1,0,
uraw,浦和レッズ浦和,,浦和レッズ浦和,1.417,1.75,0.333,10,0,
shim,清水エスパルス清水,,清水エスパルス清水,1.39,0.75,-0.64,12,0,
nago,名古屋グランパス名古屋,,名古屋グランパス名古屋,1.359,0.75,-0.609,17,0,
mito,水戸ホーリーホック水戸,,水戸ホーリーホック水戸,1.286,1.38,0.094,13,0,
g-os,ガンバ大阪Ｇ大阪,,ガンバ大阪Ｇ大阪,1.282,1.0,-0.282,16,0,
okay,ファジアーノ岡山岡山,,ファジアーノ岡山岡山,1.26,1.38,0.12,9,0,
y-fm,横浜Ｆ・マリノス横浜FM,,横浜Ｆ・マリノス横浜FM,1.204,1.63,0.426,6,0,
fuku,アビスパ福岡福岡,,アビスパ福岡福岡,1.16,1.0,-0.16,18,0,
c-os,セレッソ大阪Ｃ大阪,,セレッソ大阪Ｃ大阪,1.158,0.88,-0.278,11,0,
kyot,京都サンガF.C.京都,,京都サンガF.C.京都,1.037,1.38,0.343,14,0,
ngsk,Ｖ・ファーレン長崎長崎,,Ｖ・ファーレン長崎長崎,1.034,1.25,0.216,15,0,
chib,ジェフユナイテッド千葉千葉,,ジェフユナイテッド千葉千葉,0.88,0.88,0.0,20,0,
tk-v,東京ヴェルディ東京Ｖ,,東京ヴェルディ東京Ｖ,0.866,0.5,-0.366,19,0,
hiro,サンフレッチェ広島広島,,サンフレッチェ広島広島,0.703,,-0.073,3,1,0.63
okay,ファジアーノ岡山岡山,,ファジアーノ岡山岡山,0.935,,0.315,9,1,1.25
FCtk,ＦＣ東京FC東京,,ＦＣ東京FC東京,1.051,,-0.051,5,1,1.0
mcd,ＦＣ町田ゼルビア町田,,ＦＣ町田ゼルビア町田,1.164,,-0.034,4,1,1.13
kasw,柏レイソル柏,,柏レイソル柏,1.165,,0.335,2,1,1.5
kobe,ヴィッセル神戸神戸,,ヴィッセル神戸神戸,1.165,,-0.535,1,1,0.63
kasm,鹿島アントラーズ鹿島,,鹿島アントラーズ鹿島,1.27,,0.48,8,1,1.75
uraw,浦和レッズ浦和,,浦和レッズ浦和,1.342,,0.908,10,1,2.25
ka-f,川崎フロンターレ川崎Ｆ,,川崎フロンターレ川崎Ｆ,1.351,,0.149,7,1,1.5
shim,清水エスパルス清水,,清水エスパルス清水,1.414,,-0.414,12,1,1.0
ngsk,Ｖ・ファーレン長崎長崎,,Ｖ・ファーレン長崎長崎,1.466,,0.414,15,1,1.88
fuku,アビスパ福岡福岡,,アビスパ福岡福岡,1.468,,-0.088,18,1,1.38
y-fm,横浜Ｆ・マリノス横浜FM,,横浜Ｆ・マリノス横浜FM,1.483,,-0.353,6,1,1.13
nago,名古屋グランパス名古屋,,名古屋グランパス名古屋,1.525,,0.225,17,1,1.75
tk-v,東京ヴェルディ東京Ｖ,,東京ヴェルディ東京Ｖ,1.578,,-0.078,19,1,1.5
mito,水戸ホーリーホック水戸,,水戸ホーリーホック水戸,1.625,,-0.245,13,1,1.38
chib,ジェフユナイテッド千葉千葉,,ジェフユナイテッド千葉千葉,1.729,,0.521,20,1,2.25
kyot,京都サンガF.C.京都,,京都サンガF.C.京都,1.731,,0.149,14,1,1.88
g-os,ガンバ大阪Ｇ大阪,,ガンバ大阪Ｇ大阪,1.795,,-0.045,16,1,1.75
c-os,セレッソ大阪Ｃ大阪,,セレッソ大阪Ｃ大阪,1.886,,-0.386,11,1,1.5
