team,team_name,Unnamed: 0,Unnamed: 1,Unnamed: 2,AGI,ゴール,シュート,成績順位,table_index,KAGI,被ゴール,被シュート
hiro,サンフレッチェ広島広島,1,,サンフレッチェ広島広島,61.2,2.5,20.38,3,0,,,
okay,ファジアーノ岡山岡山,2,,ファジアーノ岡山岡山,60.2,1.38,14.38,9,0,,,
ka-f,川崎フロンターレ川崎Ｆ,3,,川崎フロンターレ川崎Ｆ,58.1,2.0,17.88,7,0,,,
kasw,柏レイソル柏,4,,柏レイソル柏,56.3,2.13,15.38,2,0,,,
uraw,浦和レッズ浦和,5,,浦和レッズ浦和,54.6,1.75,14.13,10,0,,,
shim,清水エスパルス清水,6,,清水エスパルス清水,54.1,0.75,10.63,12,0,,,
kobe,ヴィッセル神戸神戸,7,,ヴィッセル神戸神戸,54.0,1.5,11.25,1,0,,,
nago,名古屋グランパス名古屋,8,,名古屋グランパス名古屋,52.3,0.75,12.63,17,0,,,
kasm,鹿島アントラーズ鹿島,9,,鹿島アントラーズ鹿島,51.9,2.0,15.88,8,0,,,
FCtk,ＦＣ東京FC東京,10,,ＦＣ東京FC東京,51.8,1.75,14.88,5,0,,,
fuku,アビスパ福岡福岡,11,,アビスパ福岡福岡,51.6,1.0,12.25,18,0,,,
g-os,ガンバ大阪Ｇ大阪,12,,ガンバ大阪Ｇ大阪,49.0,1.0,13.63,16,0,,,
c-os,セレッソ大阪Ｃ大阪,13,,セレッソ大阪Ｃ大阪,48.7,0.88,12.25,11,0,,,
mcd,ＦＣ町田ゼルビア町田,14,,ＦＣ町田ゼルビア町田,48.3,2.63,12.25,4,0,,,
kyot,京都サンガF.C.京都,15,,京都サンガF.C.京都,44.7,1.38,11.75,14,0,,,
ngsk,Ｖ・ファーレン長崎長崎,16,,Ｖ・ファーレン長崎長崎,42.4,1.25,10.75,15,0,,,
y-fm,横浜Ｆ・マリノス横浜FM,17,,横浜Ｆ・マリノス横浜FM,42.3,1.63,10.5,6,0,,,
tk-v,東京ヴェルディ東京Ｖ,18,,東京ヴェルディ東京Ｖ,40.5,0.5,8.88,19,0,,,
mito,水戸ホーリーホック水戸,19,,水戸ホーリーホック水戸,40.4,1.38,11.5,13,0,,,
chib,ジェフユナイテッド千葉千葉,20,,ジェフユナイテッド千葉千葉,37.1,0.88,9.63,20,0,,,
okay,ファジアーノ岡山岡山,1,,ファジアーノ岡山岡山,,,,9,1,60.4,1.25,9.13
kasw,柏レイソル柏,2,,柏レイソル柏,,,,2,1,57.3,1.5,10.5
hiro,サンフレッチェ広島広島,3,,サンフレッチェ広島広島,,,,3,1,55.2,0.63,8.0
kasm,鹿島アントラーズ鹿島,4,,鹿島アントラーズ鹿島,,,,8,1,53.7,1.75,12.13
mcd,ＦＣ町田ゼルビア町田,5,,ＦＣ町田ゼルビア町田,,,,4,1,53.1,1.13,13.13
fuku,アビスパ福岡福岡,6,,アビスパ福岡福岡,,,,18,1,52.9,1.38,13.88
ka-f,川崎フロンターレ川崎Ｆ,7,,川崎フロンターレ川崎Ｆ,,,,7,1,52.4,1.5,13.13
FCtk,ＦＣ東京FC東京,8,,ＦＣ東京FC東京,,,,5,1,52.1,1.0,10.0
nago,名古屋グランパス名古屋,9,,名古屋グランパス名古屋,,,,17,1,51.4,1.75,13.5
kobe,ヴィッセル神戸神戸,10,,ヴィッセル神戸神戸,,,,1,1,50.9,0.63,11.38
y-fm,横浜Ｆ・マリノス横浜FM,11,,横浜Ｆ・マリノス横浜FM,,,,6,1,50.2,1.13,12.38
shim,清水エスパルス清水,12,,清水エスパルス清水,,,,12,1,48.7,1.0,13.75
chib,ジェフユナイテッド千葉千葉,13,,ジェフユナイテッド千葉千葉,,,,20,1,47.4,2.25,17.63
mito,水戸ホーリーホック水戸,14,,水戸ホーリーホック水戸,,,,13,1,46.8,1.38,14.75
kyot,京都サンガF.C.京都,15,,京都サンガF.C.京都,,,,14,1,45.9,1.88,16.38
c-os,セレッソ大阪Ｃ大阪,16,,セレッソ大阪Ｃ大阪,,,,11,1,45.4,1.5,12.63
uraw,浦和レッズ浦和,17,,浦和レッズ浦和,,,,10,1,44.6,2.25,13.0
tk-v,東京ヴェルディ東京Ｖ,18,,東京ヴェルディ東京Ｖ,,,,19,1,44.4,1.5,15.25
g-os,ガンバ大阪Ｇ大阪,19,,ガンバ大阪Ｇ大阪,,,,16,1,43.8,1.75,16.0
ngsk,Ｖ・ファーレン長崎長崎,20,,Ｖ・ファーレン長崎長崎,,,,15,1,43.8,1.88,14.25
