column,total_rows,actual_count,fallback_count,actual_rate,fallback_rate,top_source,source_counts
Season,10,10,0,1.0,0.0,actual_schedule,"{""actual_schedule"": 10}"
Section,10,10,0,1.0,0.0,actual_schedule,"{""actual_schedule"": 10}"
Date,10,10,0,1.0,0.0,actual_schedule,"{""actual_schedule"": 10}"
Home,10,10,0,1.0,0.0,actual_schedule,"{""actual_schedule"": 10}"
Score,10,0,0,0.0,0.0,prediction_placeholder,"{""prediction_placeholder"": 10}"
Away,10,10,0,1.0,0.0,actual_schedule,"{""actual_schedule"": 10}"
Stadium,10,0,10,0.0,1.0,fallback_mode,"{""fallback_mode"": 10}"
Attendance,10,0,10,0.0,1.0,fallback_league_median,"{""fallback_league_median"": 10}"
Home_Goals,10,0,0,0.0,0.0,prediction_placeholder,"{""prediction_placeholder"": 10}"
Away_Goals,10,0,0,0.0,0.0,prediction_placeholder,"{""prediction_placeholder"": 10}"
Home_Rest_Days,10,0,10,0.0,1.0,fallback_team_median,"{""fallback_league_median"": 2, ""fallback_team_median"": 8}"
Away_Rest_Days,10,0,10,0.0,1.0,fallback_team_median,"{""fallback_league_median"": 1, ""fallback_team_median"": 9}"
Away_Travel_Distance_km,10,0,10,0.0,1.0,fallback_team_median,"{""fallback_league_median"": 1, ""fallback_team_median"": 9}"
Home_Formation,10,10,0,1.0,0.0,actual_2026_special,"{""actual_2026_special"": 10}"
Away_Formation,10,10,0,1.0,0.0,actual_2026_special,"{""actual_2026_special"": 10}"
Home_Current_Rank,10,0,10,0.0,1.0,fallback_team_median,"{""fallback_league_median"": 2, ""fallback_team_median"": 8}"
Away_Current_Rank,10,0,10,0.0,1.0,fallback_team_median,"{""fallback_league_median"": 1, ""fallback_team_median"": 9}"
Rank_Diff,10,0,0,0.0,0.0,derived,"{""derived"": 10}"
Home_Rank_Delta_3,10,0,10,0.0,1.0,fallback_team_median,"{""fallback_league_median"": 2, ""fallback_team_median"": 8}"
Away_Rank_Delta_3,10,0,10,0.0,1.0,fallback_team_median,"{""fallback_league_median"": 1, ""fallback_team_median"": 9}"
Home_Elo_Before,10,0,10,0.0,1.0,fallback_team_median,"{""fallback_league_median"": 2, ""fallback_team_median"": 8}"
Away_Elo_Before,10,0,10,0.0,1.0,fallback_team_median,"{""fallback_league_median"": 1, ""fallback_team_median"": 9}"
Elo_Diff,10,0,0,0.0,0.0,derived,"{""derived"": 10}"
Home_Market_Value,10,10,0,1.0,0.0,actual_2026_special,"{""actual_2026_special"": 10}"
Away_Market_Value,10,10,0,1.0,0.0,actual_2026_special,"{""actual_2026_special"": 10}"
Market_Value_Diff,10,0,0,0.0,0.0,derived,"{""derived"": 10}"
Home_Manager_Tenure,10,0,10,0.0,1.0,fallback_team_median,"{""fallback_league_median"": 2, ""fallback_team_median"": 8}"
Away_Manager_Tenure,10,0,10,0.0,1.0,fallback_team_median,"{""fallback_league_median"": 1, ""fallback_team_median"": 9}"
Home_Current_Points,10,0,10,0.0,1.0,fallback_team_median,"{""fallback_league_median"": 2, ""fallback_team_median"": 8}"
Away_Current_Points,10,0,10,0.0,1.0,fallback_team_median,"{""fallback_league_median"": 1, ""fallback_team_median"": 9}"
Home_Rolling_Points_5,10,0,10,0.0,1.0,fallback_team_median,"{""fallback_league_median"": 2, ""fallback_team_median"": 8}"
Away_Rolling_Points_5,10,0,10,0.0,1.0,fallback_team_median,"{""fallback_league_median"": 1, ""fallback_team_median"": 9}"
Home_Rolling_xG,10,10,0,1.0,0.0,actual_2026_special,"{""actual_2026_special"": 10}"
Away_Rolling_xG,10,10,0,1.0,0.0,actual_2026_special,"{""actual_2026_special"": 10}"
Home_AGI,10,10,0,1.0,0.0,actual_2026_special,"{""actual_2026_special"": 10}"
Home_KAGI,10,10,0,1.0,0.0,actual_2026_special,"{""actual_2026_special"": 10}"
Away_AGI,10,10,0,1.0,0.0,actual_2026_special,"{""actual_2026_special"": 10}"
Away_KAGI,10,10,0,1.0,0.0,actual_2026_special,"{""actual_2026_special"": 10}"
H2H_Score_Avg,10,0,10,0.0,1.0,fallback_league_median,"{""fallback_league_median"": 10}"
Capacity,10,0,10,0.0,1.0,fallback_league_median,"{""fallback_league_median"": 10}"
Stadium_Fill_Rate,10,0,10,0.0,1.0,fallback_league_median,"{""fallback_league_median"": 10}"
Goal_Diff,10,0,0,0.0,0.0,prediction_placeholder,"{""prediction_placeholder"": 10}"
Match_Result,10,0,0,0.0,0.0,prediction_placeholder,"{""prediction_placeholder"": 10}"
Home_Prev_Total Shots,10,0,10,0.0,1.0,fallback_team_median,"{""fallback_league_median"": 2, ""fallback_team_median"": 8}"
Home_Prev_Shots on Target,10,0,10,0.0,1.0,fallback_team_median,"{""fallback_league_median"": 2, ""fallback_team_median"": 8}"
Home_Prev_Total Shots Against,10,0,10,0.0,1.0,fallback_team_median,"{""fallback_league_median"": 2, ""fallback_team_median"": 8}"
Home_Prev_Total Goals,10,0,10,0.0,1.0,fallback_team_median,"{""fallback_league_median"": 2, ""fallback_team_median"": 8}"
Home_Prev_Total Goals Against,10,0,10,0.0,1.0,fallback_team_median,"{""fallback_league_median"": 2, ""fallback_team_median"": 8}"
Home_Prev_Clean Sheets,10,0,10,0.0,1.0,fallback_team_median,"{""fallback_league_median"": 2, ""fallback_team_median"": 8}"
Home_Prev_Total Passes,10,0,10,0.0,1.0,fallback_team_median,"{""fallback_league_median"": 2, ""fallback_team_median"": 8}"
Home_Prev_Total Dribbles,10,0,10,0.0,1.0,fallback_team_median,"{""fallback_league_median"": 2, ""fallback_team_median"": 8}"
Home_Prev_Total Through Passes,10,0,10,0.0,1.0,fallback_team_median,"{""fallback_league_median"": 2, ""fallback_team_median"": 8}"
Home_Prev_Total Crosses,10,0,10,0.0,1.0,fallback_team_median,"{""fallback_league_median"": 2, ""fallback_team_median"": 8}"
Home_Prev_Total Clearances,10,0,10,0.0,1.0,fallback_team_median,"{""fallback_league_median"": 2, ""fallback_team_median"": 8}"
Home_Prev_Total Tackles,10,0,10,0.0,1.0,fallback_team_median,"{""fallback_league_median"": 2, ""fallback_team_median"": 8}"
Home_Prev_Total Blocks,10,0,10,0.0,1.0,fallback_team_median,"{""fallback_league_median"": 2, ""fallback_team_median"": 8}"
Home_Prev_Total Fouls,10,0,10,0.0,1.0,fallback_team_median,"{""fallback_league_median"": 2, ""fallback_team_median"": 8}"
Home_Prev_Total Interceptions,10,0,10,0.0,1.0,fallback_team_median,"{""fallback_league_median"": 2, ""fallback_team_median"": 8}"
Home_Prev_Aerial Duels Won,10,0,10,0.0,1.0,fallback_team_median,"{""fallback_league_median"": 2, ""fallback_team_median"": 8}"
Home_Prev_Yellow Cards,10,0,10,0.0,1.0,fallback_team_median,"{""fallback_league_median"": 2, ""fallback_team_median"": 8}"
Home_Prev_Red Cards,10,0,10,0.0,1.0,fallback_team_median,"{""fallback_league_median"": 2, ""fallback_team_median"": 8}"
Home_Prev_Average Possession,10,0,10,0.0,1.0,fallback_team_median,"{""fallback_league_median"": 2, ""fallback_team_median"": 8}"
Home_Prev_Chances Created,10,0,10,0.0,1.0,fallback_team_median,"{""fallback_league_median"": 2, ""fallback_team_median"": 8}"
Home_Prev_Duels Won,10,0,10,0.0,1.0,fallback_team_median,"{""fallback_league_median"": 2, ""fallback_team_median"": 8}"
Home_Prev_Recoveries,10,0,10,0.0,1.0,fallback_team_median,"{""fallback_league_median"": 2, ""fallback_team_median"": 8}"
Home_Prev_Expected Goals,10,0,10,0.0,1.0,fallback_team_median,"{""fallback_league_median"": 2, ""fallback_team_median"": 8}"
Home_Prev_Expected Goals Against,10,0,10,0.0,1.0,fallback_team_median,"{""fallback_league_median"": 2, ""fallback_team_median"": 8}"
Home_Prev_Avg Distance Covered,10,0,10,0.0,1.0,fallback_team_median,"{""fallback_league_median"": 2, ""fallback_team_median"": 8}"
Home_Prev_Avg Sprints,10,0,10,0.0,1.0,fallback_team_median,"{""fallback_league_median"": 2, ""fallback_team_median"": 8}"
Home_Prev_Distance Covered (In Possession),10,0,10,0.0,1.0,fallback_team_median,"{""fallback_league_median"": 2, ""fallback_team_median"": 8}"
Home_Prev_Sprints (In Possession),10,0,10,0.0,1.0,fallback_team_median,"{""fallback_league_median"": 2, ""fallback_team_median"": 8}"
Home_Prev_Distance Covered (Out of Possession),10,0,10,0.0,1.0,fallback_team_median,"{""fallback_league_median"": 2, ""fallback_team_median"": 8}"
Home_Prev_Sprints (Out of Possession),10,0,10,0.0,1.0,fallback_team_median,"{""fallback_league_median"": 2, ""fallback_team_median"": 8}"
Away_Prev_Total Shots,10,0,10,0.0,1.0,fallback_team_median,"{""fallback_league_median"": 1, ""fallback_team_median"": 9}"
Away_Prev_Shots on Target,10,0,10,0.0,1.0,fallback_team_median,"{""fallback_league_median"": 1, ""fallback_team_median"": 9}"
Away_Prev_Total Shots Against,10,0,10,0.0,1.0,fallback_team_median,"{""fallback_league_median"": 1, ""fallback_team_median"": 9}"
Away_Prev_Total Goals,10,0,10,0.0,1.0,fallback_team_median,"{""fallback_league_median"": 1, ""fallback_team_median"": 9}"
Away_Prev_Total Goals Against,10,0,10,0.0,1.0,fallback_team_median,"{""fallback_league_median"": 1, ""fallback_team_median"": 9}"
Away_Prev_Clean Sheets,10,0,10,0.0,1.0,fallback_team_median,"{""fallback_league_median"": 1, ""fallback_team_median"": 9}"
Away_Prev_Total Passes,10,0,10,0.0,1.0,fallback_team_median,"{""fallback_league_median"": 1, ""fallback_team_median"": 9}"
Away_Prev_Total Dribbles,10,0,10,0.0,1.0,fallback_team_median,"{""fallback_league_median"": 1, ""fallback_team_median"": 9}"
Away_Prev_Total Through Passes,10,0,10,0.0,1.0,fallback_team_median,"{""fallback_league_median"": 1, ""fallback_team_median"": 9}"
Away_Prev_Total Crosses,10,0,10,0.0,1.0,fallback_team_median,"{""fallback_league_median"": 1, ""fallback_team_median"": 9}"
Away_Prev_Total Clearances,10,0,10,0.0,1.0,fallback_team_median,"{""fallback_league_median"": 1, ""fallback_team_median"": 9}"
Away_Prev_Total Tackles,10,0,10,0.0,1.0,fallback_team_median,"{""fallback_league_median"": 1, ""fallback_team_median"": 9}"
Away_Prev_Total Blocks,10,0,10,0.0,1.0,fallback_team_median,"{""fallback_league_median"": 1, ""fallback_team_median"": 9}"
Away_Prev_Total Fouls,10,0,10,0.0,1.0,fallback_team_median,"{""fallback_league_median"": 1, ""fallback_team_median"": 9}"
Away_Prev_Total Interceptions,10,0,10,0.0,1.0,fallback_team_median,"{""fallback_league_median"": 1, ""fallback_team_median"": 9}"
Away_Prev_Aerial Duels Won,10,0,10,0.0,1.0,fallback_team_median,"{""fallback_league_median"": 1, ""fallback_team_median"": 9}"
Away_Prev_Yellow Cards,10,0,10,0.0,1.0,fallback_team_median,"{""fallback_league_median"": 1, ""fallback_team_median"": 9}"
Away_Prev_Red Cards,10,0,10,0.0,1.0,fallback_team_median,"{""fallback_league_median"": 1, ""fallback_team_median"": 9}"
Away_Prev_Average Possession,10,0,10,0.0,1.0,fallback_team_median,"{""fallback_league_median"": 1, ""fallback_team_median"": 9}"
Away_Prev_Chances Created,10,0,10,0.0,1.0,fallback_team_median,"{""fallback_league_median"": 1, ""fallback_team_median"": 9}"
Away_Prev_Duels Won,10,0,10,0.0,1.0,fallback_team_median,"{""fallback_league_median"": 1, ""fallback_team_median"": 9}"
Away_Prev_Recoveries,10,0,10,0.0,1.0,fallback_team_median,"{""fallback_league_median"": 1, ""fallback_team_median"": 9}"
Away_Prev_Expected Goals,10,0,10,0.0,1.0,fallback_team_median,"{""fallback_league_median"": 1, ""fallback_team_median"": 9}"
Away_Prev_Expected Goals Against,10,0,10,0.0,1.0,fallback_team_median,"{""fallback_league_median"": 1, ""fallback_team_median"": 9}"
Away_Prev_Avg Distance Covered,10,0,10,0.0,1.0,fallback_team_median,"{""fallback_league_median"": 1, ""fallback_team_median"": 9}"
Away_Prev_Avg Sprints,10,0,10,0.0,1.0,fallback_team_median,"{""fallback_league_median"": 1, ""fallback_team_median"": 9}"
Away_Prev_Distance Covered (In Possession),10,0,10,0.0,1.0,fallback_team_median,"{""fallback_league_median"": 1, ""fallback_team_median"": 9}"
Away_Prev_Sprints (In Possession),10,0,10,0.0,1.0,fallback_team_median,"{""fallback_league_median"": 1, ""fallback_team_median"": 9}"
Away_Prev_Distance Covered (Out of Possession),10,0,10,0.0,1.0,fallback_team_median,"{""fallback_league_median"": 1, ""fallback_team_median"": 9}"
Away_Prev_Sprints (Out of Possession),10,0,10,0.0,1.0,fallback_team_median,"{""fallback_league_median"": 1, ""fallback_team_median"": 9}"
is_Mirror_Game,10,0,10,0.0,1.0,fallback_league_median,"{""fallback_league_median"": 10}"
Home_DF_count,10,0,10,0.0,1.0,fallback_team_median,"{""fallback_league_median"": 2, ""fallback_team_median"": 8}"
Home_MF_count,10,0,10,0.0,1.0,fallback_team_median,"{""fallback_league_median"": 2, ""fallback_team_median"": 8}"
Home_FW_count,10,0,10,0.0,1.0,fallback_team_median,"{""fallback_league_median"": 2, ""fallback_team_median"": 8}"
Away_DF_count,10,0,10,0.0,1.0,fallback_team_median,"{""fallback_league_median"": 1, ""fallback_team_median"": 9}"
Away_MF_count,10,0,10,0.0,1.0,fallback_team_median,"{""fallback_league_median"": 1, ""fallback_team_median"": 9}"
Away_FW_count,10,0,10,0.0,1.0,fallback_team_median,"{""fallback_league_median"": 1, ""fallback_team_median"": 9}"
Home_Midfield_Advantage,10,0,10,0.0,1.0,fallback_team_median,"{""fallback_league_median"": 2, ""fallback_team_median"": 8}"
Defense_Margin_Home,10,0,10,0.0,1.0,fallback_league_median,"{""fallback_league_median"": 10}"
Defense_Margin_Away,10,0,10,0.0,1.0,fallback_league_median,"{""fallback_league_median"": 10}"
Backline_Matchup,10,10,0,1.0,0.0,actual_2026_special_derived,"{""actual_2026_special_derived"": 10}"
Home_Prev_Goal PK,10,0,10,0.0,1.0,fallback_team_median,"{""fallback_league_median"": 2, ""fallback_team_median"": 8}"
Home_Prev_Goal Direct Set Piece,10,0,10,0.0,1.0,fallback_team_median,"{""fallback_league_median"": 2, ""fallback_team_median"": 8}"
Home_Prev_Goal Indirect Set Piece,10,0,10,0.0,1.0,fallback_team_median,"{""fallback_league_median"": 2, ""fallback_team_median"": 8}"
Home_Prev_Goal Cross,10,0,10,0.0,1.0,fallback_team_median,"{""fallback_league_median"": 2, ""fallback_team_median"": 8}"
Home_Prev_Goal Through Pass,10,0,10,0.0,1.0,fallback_team_median,"{""fallback_league_median"": 2, ""fallback_team_median"": 8}"
Home_Prev_Goal from pass within 30m,10,0,10,0.0,1.0,fallback_team_median,"{""fallback_league_median"": 2, ""fallback_team_median"": 8}"
Home_Prev_Goal from pass farther than 30m,10,0,10,0.0,1.0,fallback_team_median,"{""fallback_league_median"": 2, ""fallback_team_median"": 8}"
Home_Prev_Goal from Dribble,10,0,10,0.0,1.0,fallback_team_median,"{""fallback_league_median"": 2, ""fallback_team_median"": 8}"
Home_Prev_Goal from Ball Lost,10,0,10,0.0,1.0,fallback_team_median,"{""fallback_league_median"": 2, ""fallback_team_median"": 8}"
Home_Prev_Goal Other,10,0,10,0.0,1.0,fallback_team_median,"{""fallback_league_median"": 2, ""fallback_team_median"": 8}"
Home_Prev_Set-piece Index,10,0,10,0.0,1.0,fallback_team_median,"{""fallback_league_median"": 2, ""fallback_team_median"": 8}"
Home_Prev_Left Attack Index,10,0,10,0.0,1.0,fallback_team_median,"{""fallback_league_median"": 2, ""fallback_team_median"": 8}"
Home_Prev_Center Attack Index,10,0,10,0.0,1.0,fallback_team_median,"{""fallback_league_median"": 2, ""fallback_team_median"": 8}"
Home_Prev_Right Attack Index,10,0,10,0.0,1.0,fallback_team_median,"{""fallback_league_median"": 2, ""fallback_team_median"": 8}"
Home_Prev_Short Counter,10,0,10,0.0,1.0,fallback_team_median,"{""fallback_league_median"": 2, ""fallback_team_median"": 8}"
Home_Prev_Long Counter,10,0,10,0.0,1.0,fallback_team_median,"{""fallback_league_median"": 2, ""fallback_team_median"": 8}"
Home_Prev_Opponent Area Possession,10,0,10,0.0,1.0,fallback_team_median,"{""fallback_league_median"": 2, ""fallback_team_median"": 8}"
Home_Prev_My Area Possession,10,0,10,0.0,1.0,fallback_team_median,"{""fallback_league_median"": 2, ""fallback_team_median"": 8}"
Away_Prev_Goal PK,10,0,10,0.0,1.0,fallback_team_median,"{""fallback_league_median"": 1, ""fallback_team_median"": 9}"
Away_Prev_Goal Direct Set Piece,10,0,10,0.0,1.0,fallback_team_median,"{""fallback_league_median"": 1, ""fallback_team_median"": 9}"
Away_Prev_Goal Indirect Set Piece,10,0,10,0.0,1.0,fallback_team_median,"{""fallback_league_median"": 1, ""fallback_team_median"": 9}"
Away_Prev_Goal Cross,10,0,10,0.0,1.0,fallback_team_median,"{""fallback_league_median"": 1, ""fallback_team_median"": 9}"
Away_Prev_Goal Through Pass,10,0,10,0.0,1.0,fallback_team_median,"{""fallback_league_median"": 1, ""fallback_team_median"": 9}"
Away_Prev_Goal from pass within 30m,10,0,10,0.0,1.0,fallback_team_median,"{""fallback_league_median"": 1, ""fallback_team_median"": 9}"
Away_Prev_Goal from pass farther than 30m,10,0,10,0.0,1.0,fallback_team_median,"{""fallback_league_median"": 1, ""fallback_team_median"": 9}"
Away_Prev_Goal from Dribble,10,0,10,0.0,1.0,fallback_team_median,"{""fallback_league_median"": 1, ""fallback_team_median"": 9}"
Away_Prev_Goal from Ball Lost,10,0,10,0.0,1.0,fallback_team_median,"{""fallback_league_median"": 1, ""fallback_team_median"": 9}"
Away_Prev_Goal Other,10,0,10,0.0,1.0,fallback_team_median,"{""fallback_league_median"": 1, ""fallback_team_median"": 9}"
Away_Prev_Set-piece Index,10,0,10,0.0,1.0,fallback_team_median,"{""fallback_league_median"": 1, ""fallback_team_median"": 9}"
Away_Prev_Left Attack Index,10,0,10,0.0,1.0,fallback_team_median,"{""fallback_league_median"": 1, ""fallback_team_median"": 9}"
Away_Prev_Center Attack Index,10,0,10,0.0,1.0,fallback_team_median,"{""fallback_league_median"": 1, ""fallback_team_median"": 9}"
Away_Prev_Right Attack Index,10,0,10,0.0,1.0,fallback_team_median,"{""fallback_league_median"": 1, ""fallback_team_median"": 9}"
Away_Prev_Short Counter,10,0,10,0.0,1.0,fallback_team_median,"{""fallback_league_median"": 1, ""fallback_team_median"": 9}"
Away_Prev_Long Counter,10,0,10,0.0,1.0,fallback_team_median,"{""fallback_league_median"": 1, ""fallback_team_median"": 9}"
Away_Prev_Opponent Area Possession,10,0,10,0.0,1.0,fallback_team_median,"{""fallback_league_median"": 1, ""fallback_team_median"": 9}"
Away_Prev_My Area Possession,10,0,10,0.0,1.0,fallback_team_median,"{""fallback_league_median"": 1, ""fallback_team_median"": 9}"
Home_Season_Progress,10,0,10,0.0,1.0,fallback_team_median,"{""fallback_league_median"": 2, ""fallback_team_median"": 8}"
Home_Urgency_Score,10,0,10,0.0,1.0,fallback_team_median,"{""fallback_league_median"": 2, ""fallback_team_median"": 8}"
Away_Season_Progress,10,0,10,0.0,1.0,fallback_team_median,"{""fallback_league_median"": 1, ""fallback_team_median"": 9}"
Away_Urgency_Score,10,0,10,0.0,1.0,fallback_team_median,"{""fallback_league_median"": 1, ""fallback_team_median"": 9}"
Backline_Matchup_3_vs_3,10,0,0,0.0,0.0,model_fill_zero,"{""model_fill_zero"": 10}"
Backline_Matchup_3_vs_4,10,0,0,0.0,0.0,model_fill_zero,"{""model_fill_zero"": 10}"
Backline_Matchup_4_vs_3,10,0,0,0.0,0.0,model_fill_zero,"{""model_fill_zero"": 10}"
Backline_Matchup_4_vs_4,10,0,0,0.0,0.0,model_fill_zero,"{""model_fill_zero"": 10}"
Home_Formation_3-1-4-2,10,0,0,0.0,0.0,model_fill_zero,"{""model_fill_zero"": 10}"
Home_Formation_3-3-2-2,10,0,0,0.0,0.0,model_fill_zero,"{""model_fill_zero"": 10}"
Home_Formation_3-4-2-1,10,0,0,0.0,0.0,model_fill_zero,"{""model_fill_zero"": 10}"
Home_Formation_4-1-2-3,10,0,0,0.0,0.0,model_fill_zero,"{""model_fill_zero"": 10}"
Home_Formation_4-2-1-3,10,0,0,0.0,0.0,model_fill_zero,"{""model_fill_zero"": 10}"
Home_Formation_4-2-3-1,10,0,0,0.0,0.0,model_fill_zero,"{""model_fill_zero"": 10}"
Home_Formation_4-4-2,10,0,0,0.0,0.0,model_fill_zero,"{""model_fill_zero"": 10}"
Away_Formation_3-1-4-2,10,0,0,0.0,0.0,model_fill_zero,"{""model_fill_zero"": 10}"
Away_Formation_3-3-2-2,10,0,0,0.0,0.0,model_fill_zero,"{""model_fill_zero"": 10}"
Away_Formation_3-4-2-1,10,0,0,0.0,0.0,model_fill_zero,"{""model_fill_zero"": 10}"
Away_Formation_4-1-2-3,10,0,0,0.0,0.0,model_fill_zero,"{""model_fill_zero"": 10}"
Away_Formation_4-2-1-3,10,0,0,0.0,0.0,model_fill_zero,"{""model_fill_zero"": 10}"
Away_Formation_4-2-3-1,10,0,0,0.0,0.0,model_fill_zero,"{""model_fill_zero"": 10}"
Away_Formation_4-4-2,10,0,0,0.0,0.0,model_fill_zero,"{""model_fill_zero"": 10}"
season,10,10,0,1.0,0.0,actual_schedule,"{""actual_schedule"": 10}"
league,10,10,0,1.0,0.0,actual_schedule,"{""actual_schedule"": 10}"
competition,10,10,0,1.0,0.0,actual_schedule,"{""actual_schedule"": 10}"
category,10,10,0,1.0,0.0,actual_schedule,"{""actual_schedule"": 10}"
section,10,10,0,1.0,0.0,actual_schedule,"{""actual_schedule"": 10}"
match_date,10,10,0,1.0,0.0,actual_schedule,"{""actual_schedule"": 10}"
kickoff_time,10,10,0,1.0,0.0,actual_schedule,"{""actual_schedule"": 10}"
home_team,10,10,0,1.0,0.0,actual_schedule,"{""actual_schedule"": 10}"
away_team,10,10,0,1.0,0.0,actual_schedule,"{""actual_schedule"": 10}"
status,10,10,0,1.0,0.0,actual_schedule,"{""actual_schedule"": 10}"
match_id,10,10,0,1.0,0.0,actual_schedule,"{""actual_schedule"": 10}"
